-0.00334355425537,36.7088814226,69.3327942301
-0.00304550589063,37.0679823302,68.9067611074
-0.00272204158489,37.4228264231,68.4852146352
-0.00237911680691,37.7735760764,68.0679323338
-0.00202363916497,38.1203936652,67.6546917237
-0.00166327020807,38.4634415645,67.2452703252
-0.00130617990614,38.8028821496,66.8394456589
-0.000960767294907,39.1388777954,66.4369952451
-0.000635364100305,39.4715908771,66.0376966044
-0.000337939982787,39.8011837698,65.641327257
-7.58281048824e-05,40.1278188485,65.2476647235
0.000144511999153,40.4516584884,64.8564865244
0.000317680569576,40.7728650646,64.4675701799
0.00043946355017,41.0916009522,64.0806932107
0.000506894115322,41.4080285262,63.695633137
0.000518250663777,41.7223101618,63.3121674794
0.000472996661352,42.0346082341,62.9300737582
0.000371671268757,42.3450851181,62.5491294939
0.000215742034015,42.6539031889,62.169112207
7.43199179131e-06,42.9612248218,61.7897994179
-0.000250466614064,43.2672123917,61.4109686469
-0.000554780871281,43.5720282737,61.0323974146
-0.000902138687837,43.875834843,60.6538632414
-0.00128913610645,44.1787944746,60.2751436477
-0.0017124856344,44.4810695437,59.8960161539
-0.00216914298292,44.7828224253,59.5162582805
-0.0026564115483,45.0842154946,59.1356475479
-0.00317202554596,45.3854111266,58.7539614766
-0.00371421389577,45.6865716965,58.3709775869
-0.00428174776601,45.9878595793,57.9864733993
-0.00487397516046,46.2894371502,57.6002264343
-0.00549084614245,46.5914667841,57.2120142123
-0.00613293230172,46.8941108563,56.8216142537
-0.00680144395438,47.1975317419,56.428804079
-0.00749824838412,47.5018918159,56.0333612085
-0.00822589223737,47.8073534534,55.6350631628
-0.00898763101709,48.1140790295,55.2336874622
-0.00978746851171,48.4222309163,54.8290116283
-0.0106302089716,48.7318104693,54.4208692423
-0.0115215249215,49.0422256834,54.009300471
-0.0124680436884,49.3527479062,53.5943930567
-0.013477456035,49.6626484854,53.1762347415
-0.0145586507306,49.9711987685,52.7549132676
-0.015721879461,50.2776701032,52.3305163771
-0.0169789571704,50.5813338372,51.9031318122
-0.0183435037348,50.8814613179,51.4728473151
-0.019831233735,51.1773238932,51.039750628
-0.0214603019759,51.4681929105,50.603929493
-0.02325171314,51.7533397175,50.1654716522
-0.0252298043522,52.0320356619,49.7244648479
-0.027422809084,52.3035520912,49.2809968223
-0.0298635091038,52.5671603531,48.8351553174
-0.0325899770692,52.8221317953,48.3870280755
-0.0356464042304,53.0677377652,47.9367028388
-0.0390839930257,53.3032496107,47.4842673493
-0.0429618692232,53.5279386792,47.0298093493
-0.0473479268564,53.7410763184,46.573416581
-0.0521566694735,53.941933876,46.1151767865
-0.057259751591,54.1297826995,45.655177708
-0.0626590441341,54.3038941366,45.1935070876
-0.0683422597038,54.4635395349,44.7302526676
-0.0742794899723,54.6079902421,44.26550219
-0.0804195956323,54.7365176057,43.7993433971
-0.0866868874495,54.8483929734,43.3318640311
-0.0929787231899,54.9428876928,42.8631518341
-0.099164808972,55.0192833658,42.3933060348
-0.10508906912,55.0771269562,41.9227231141
-0.110574853519,55.1162483021,41.4521164219
-0.115433911261,55.1364910027,40.982214723
-0.119478947836,55.1376986573,40.5137467821
-0.122538767498,55.1197148652,40.0474413643
-0.124474166157,55.0823832256,39.5840272341
-0.12519215398,55.0255473378,39.1242331566
-0.124656016225,54.9490508011,38.6687878965
-0.122889297996,54.8527372148,38.2184202186
-0.119972928492,54.736450178,37.7738588878
-0.116036066395,54.6000332902,37.3358326688
-0.111242434202,54.4433301504,36.9050703266
-0.105774576568,54.2661843581,36.4823006259
-0.099818498268,54.0684395125,36.0682523316
-0.0935506155623,53.8499392128,35.6636542085
-0.0871281436703,53.6105270584,35.2692350214
-0.0806832172729,53.3500466484,34.8857235352
-0.0743203974786,53.0683415822,34.5138485146
-0.068116839823,52.765255459,34.1543387245
-0.0622494982925,52.4406318781,33.8079229297
-0.0568348371815,52.0944818653,33.4751592721
-0.051836413143,51.7278131775,33.1555901327
-0.0472153768039,51.3420009211,32.8483835298
-0.0429323784304,50.9384207801,32.5527068933
-0.0389488026314,50.5184484381,32.2677276529
-0.03522751079,50.0834595789,31.9926132385
-0.0317332326113,49.6348298863,31.7265310801
-0.0284327146874,49.1739350441,31.4686486074
-0.0252947061934,48.702150736,31.2181332504
-0.022289839936,48.2208526458,30.9741524389
-0.0193904503993,47.7314164573,30.7358736027
-0.0165703583059,47.2352178543,30.5024641719
-0.0138046426708,46.7336325205,30.2730915761
-0.0110694156123,46.2280361397,30.0469232453
-0.00834161168984,45.7198043957,29.8231266094
-0.00559880181878,45.2103129723,29.6008690982
-0.00281904153353,44.7009375531,29.3793181415
1.92356647457e-05,44.1930538221,29.1576411694
0.00293726708172,43.6880374629,28.9350056115
0.00595593587128,43.1872641594,28.7105788978
0.00909565253734,42.6921095953,28.4835284581
0.0123761184127,42.2039494544,28.2530217224
0.0158159415502,41.7241594205,28.0182261205
0.0194320705538,41.2541151772,27.7783090822
0.023239008125,40.7951924085,27.5324380374
0.0272477650568,40.3487667981,27.279780416
0.0314645194032,39.916214029,27.0195036484
0.0357603240185,39.4986609603,26.7509303958
0.0399984659917,39.09628201,26.4739775088
0.0441656486256,38.7090237417,26.1887039866
0.0482442647262,38.3368327194,25.8951688285
0.05221257788,37.9796555067,25.5934310339
0.0560451338498,37.6374386675,25.2835496021
0.0597134228083,37.3101287655,24.9655835323
0.0631867988791,36.9976723646,24.6395918239
0.0664336430778,36.7000160284,24.3056334761
0.0694227307574,36.4171063208,23.9637674883
0.072124737854,36.1488898055,23.6140528598
0.0745137955139,35.8953130463,23.2565485899
0.0765689845602,35.656322607,22.8913136779
0.0782756539509,35.4318650514,22.5184071231
0.0796264538194,35.2218869432,22.1378879247
0.0806219946307,35.0263348462,21.7498150822
0.0812710774752,34.8451553243,21.3542475948
0.0815904821412,34.6782949411,20.9512444618
0.0816043431737,34.5257002605,20.5408646825
0.0813431831344,34.3873178462,20.1231672562
0.0808427011577,34.263094262,19.6982111823
0.0801424302705,34.1529760716,19.26605546
0.0792843780247,34.056909839,18.8267590887
0.0783117535359,33.9748421278,18.3803810676
0.0772678635536,33.9067195017,17.926980396
0.0761952350664,33.8524885247,17.4666706545
0.0751349963912,33.8120957605,16.9999963927
0.0741265260762,33.7854877728,16.5277066684
0.0732108972668,33.7726111254,16.0505517736
0.0723986681553,33.7734123821,15.5692820006
0.0716825761553,33.7878381067,15.0846476412
0.0710560430364,33.8158348629,14.5973989877
0.070513155703,33.8573492146,14.108286332
0.0700486453636,33.9123277254,13.6180599663
0.0696578664757,33.9807169593,13.1274701827
0.0693367764156,34.0624634799,12.6372672732
0.0690819164974,34.157513851,12.1482015299
0.0688903947192,34.2658146365,11.6610232449
0.0687598704423,34.3873124,11.1764827103
0.0686885410801,34.5219537054,10.6953302181
0.0686751307807,34.6696851165,10.2183160604
0.0687188810252,34.8304531969,9.74619052932
0.068819543012,35.0042045106,9.27970391694
0.0689773716587,35.1908856213,8.81960651532
0.0691931210159,35.3904430926,8.36664861655
0.0694680408458,35.6028234886,7.9215805127
0.0698038740646,35.8279733728,7.48515249585
0.0702028546779,36.0658393091,7.05811485808
0.0706677057436,36.3163678612,6.64121789148
0.0712016367672,36.579505593,6.23521188812
0.0718083397648,36.8551983609,5.84084588708
0.0724919830038,37.143306498,5.45871743702
0.0732572011437,37.4435242768,5.08912993613
0.0741090801314,37.7555268953,4.73235299587
0.0750531347425,38.0789895516,4.38865622767
0.0760952760895,38.4135874439,4.05830924298
0.0771962784777,38.7589957703,3.74158165325
0.0782847713491,39.1148897289,3.43874306992
0.0793179490419,39.4809445179,3.15006310443
0.0802524281164,39.8568353353,2.87581136824
0.0810450323452,40.2422373794,2.61625747278
0.0816538138304,40.6368258481,2.37167102951
0.0820392526619,41.0402759397,2.14232164987
0.0821655532279,41.4522628523,1.92847894529
0.0820019351759,41.8724617839,1.73041252724
0.0815238054536,42.3005479328,1.54839200714
0.0807136984256,42.736196497,1.38268699646
0.079561885596,43.1790826747,1.23356710663
0.0780665843534,43.628881664,1.1013019491
0.076233733138,44.085268663,0.986161135312
0.0740763431208,44.5479188699,0.888414276713
0.0716134774406,45.0165074827,0.808330984749
0.0688689421575,45.4907096997,0.746180870865
0.0658697938948,45.9702007188,0.702233546506
0.0626447756587,46.4546557383,0.676758623116
0.0592227851986,46.9437499563,0.670025712142
0.0556314623378,47.4371585709,0.682303811458
0.0518959571007,47.9345567801,0.7135272012
0.0480379136154,48.4356197823,0.762742225072
0.0440746795605,48.9400227754,0.828849642121
0.0400187301418,49.4474409576,0.910750211391
0.0358772807945,49.957549527,1.00734469193
0.0316520544508,50.4700236818,1.11753384277
0.0273391669721,50.9845386201,1.24021842297
0.0231499162724,51.5007695399,1.37429919157
0.0192821480737,52.0183916395,1.51867690762
0.0157089027047,52.5370801169,1.67225233015
0.0124055880823,53.0565101703,1.83392621822
0.00935045266332,53.5763569978,2.00259933087
0.00652482420302,54.0962957976,2.17717242714
0.00391318881246,54.6160017676,2.35654626608
0.00150316217897,55.1351501062,2.53962160673
-0.00071461229903,55.6534160113,2.72529920814
-0.00274661626192,56.1704746812,2.91247982935
-0.00459664673492,56.6860013139,3.10006422941
-0.00626603684441,57.1996711076,3.28695316736
-0.00775390352405,57.7111592604,3.47204740224
-0.00905742094937,58.2201409704,3.65424769311
-0.0101721192192,58.7262914358,3.832454799
-0.0110922075593,59.2292858547,4.00556947897
-0.0118109203384,59.7287994251,4.17249249205
-0.0123208827276,60.2245073453,4.33212459728
-0.0126144911668,60.7160848133,4.48336655373
-0.0126843022007,61.2032322854,4.6251891169
-0.0125234219684,61.6859840583,4.7574881983
-0.0121258879093,62.1646105836,4.88081415411
-0.0114870342629,62.6393872971,4.9957311526
-0.0106038337741,63.1105896344,5.10280336201
-0.00947520966763,63.5784930315,5.20259495061
-0.00810231427239,64.0433729238,5.29567008665
-0.00648877341244,64.5055047473,5.38259293839
-0.00476969204819,64.9651639376,5.4639276741
-0.00308218859701,65.4226259304,5.54023846203
-0.00143374682001,65.8781661615,5.61208947044
0.000169632574278,66.3320600665,5.68004486758
0.00172335314751,66.7845830813,5.74466882172
0.00322412647663,67.2360106416,5.80652550111
0.00466986513504,67.686618183,5.86617907401
0.00605957054182,68.1366811412,5.92419370869
0.00739322024722,68.5864749522,5.98113357339
0.0086716582322,69.0362750514,6.03756283637
0.00989649091877,69.4863568748,6.09404566591
0.0110699908337,69.9369958579,6.15114623024
0.0121950092457,70.3884674366,6.20942869764
0.013274898598,70.8410470466,6.26945723635
0.0143134451771,71.2950101235,6.33179601465
0.0153148121763,71.7506321032,6.39700920078
0.0162834931171,72.2081884212,6.465660963
0.0172242754701,72.6679545135,6.53831546958
0.0181422142538,73.1302058156,6.61553688877
0.0190426153717,73.5952177634,6.69788938883
0.0199310284766,74.0632657925,6.78593713802
0.0208132492018,74.5346253386,6.88024430459
0.0216953306805,75.0095718376,6.98137505681
0.0225836043761,75.4883807251,7.08989356293
0.0234847103607,75.9713274369,7.20636399121
0.0244056373127,76.4586706888,7.33134012262
0.0253537726402,76.9502130308,7.46509234242
0.0263369632883,77.4452571159,7.60758047183
0.0273416435166,77.9430801077,7.75874849683
0.0283489520661,78.44295917,7.9185404034
0.0293588526084,78.9441714665,8.08690017754
0.0303708830003,79.445994161,8.26377180521
0.0313841658068,79.9477044172,8.44909927239
0.0323974177466,80.4485793988,8.64282656508
0.0334089592862,80.9478962697,8.84489766925
0.0344167255339,81.4449321936,9.05525657089
0.0354182795214,81.9389643341,9.27384725597
0.0364108288777,82.4292698551,9.50061371048
0.0373912468047,82.9151259202,9.7354999204
0.038356098143,83.3958096933,9.97844987171
0.0393016711598,83.8705983381,10.2294075504
0.04022401551,84.3387690183,10.4883169424
0.0411189865915,84.7995988977,10.7551220338
0.0419822962663,85.2523651399,11.0297668105
0.0428095696334,85.6963449089,11.3121952585
0.0435964072335,86.1308153682,11.6023513638
0.0443384517632,86.5550536817,11.9001791123
0.0450314580666,86.9683370131,12.2056224901
0.0456713649044,87.3699425261,12.5186254831
0.0462543667623,87.7591473845,12.8391320773
0.0467769837954,88.135228752,13.1670862587
0.0472361279089,88.4974637924,13.5024320133
0.047629162973,88.8451296694,13.845113327
0.0479539572655,89.1775035468,14.1950741859
0.0482089264211,89.4938625883,14.5522585759
0.0483930654525,89.793531316,14.916604996
0.0484873073626,90.0766217254,15.2879607082
0.0484655728883,90.343895052,15.6660977534
0.0483174207443,90.5961319199,16.0507859257
0.048033401447,90.8341129534,16.4417950196
0.0476052233844,91.0586187764,16.8388948295
0.047025891385,91.2704300133,17.2418551498
0.0462898098055,91.470327288,17.6504457747
0.0453928438149,91.6590912249,18.0644364987
0.0443323347246,91.8375024479,18.483597116
0.0431070677403,92.0063415813,18.9076974212
0.0417171931963,92.1663892492,19.3365072085
0.0401641049717,92.3184260757,19.7697962723
0.0384502821812,92.463232685,20.207334407
0.0365791022037,92.6015897013,20.648891407
0.0345546345672,92.7342777486,21.0942370665
0.0323814260735,92.8620774512,21.54314118
0.0300642878609,92.9857694331,21.9953735418
0.0276080949265,93.1061343185,22.4507039464
0.025017608087,93.2239527316,22.908902188
0.0222973275855,93.3400052964,23.369738061
0.0194513867111,93.4550726373,23.8329813598
0.0164834930054,93.5699353781,24.2984018787
0.0133969239982,93.6853741433,24.7657694122
0.0101945839928,93.8021695567,25.2348537545
0.00687912820253,93.9211022427,25.7054247001
0.00345316044658,94.0429528254,26.1772520433
-8.04895140811e-05,94.1685019288,26.6501055784
-0.00371840333833,94.2985301773,27.1237550999
-0.00730236012704,94.4338181948,27.5979704021
-0.0106769902867,94.5751466055,28.0725212794
-0.0138427989194,94.7232959409,28.5471775261
-0.0168005315906,94.8788651,29.0217089366
-0.0195509978309,95.0418919474,29.4958853052
-0.0220950018673,95.2123063613,29.9694764264
-0.0244333577866,95.3900382202,30.4422520944
-0.0265669679709,95.5750174023,30.9139821037
-0.0284969452606,95.7671737861,31.3844362486
-0.0302247608825,95.9664372498,31.8533843235
-0.0317524018161,96.1727376719,32.3205961228
-0.0330825230476,96.3860049306,32.7858414407
-0.0342185821773,96.6061689044,33.2488900717
-0.0351649461314,96.8331594716,33.7095118102
-0.0359269622869,97.0669065105,34.1674764504
-0.0365109890705,97.3073398995,34.6225537868
-0.0369243839196,97.5543895169,35.0745136137
-0.0371754492453,97.8079852411,35.5231257256
-0.0372733395428,98.0680569505,35.9681599166
-0.03722793489,98.3345345233,36.4093859813
-0.0370496876506,98.607347838,36.846573714
-0.0367494501599,98.8864267728,37.2794929091
-0.0363382915063,99.1717012062,37.7079133608
-0.0358273112674,99.4631010165,38.1316048636
-0.0352274572842,99.760556082,38.5503372119
-0.034549353388,100.063996281,38.9638801999
-0.0338031415512,100.373351492,39.3720036222
-0.0330524777566,100.688551594,39.7744772729
-0.0323516223209,101.009526463,40.1710709466
-0.031696386573,101.33620598,40.5615544375
-0.0310828440799,101.668520023,40.9456975401
-0.0305073085128,102.006398469,41.3232700486
-0.0299663126067,102.349771197,41.6940417575
-0.0294565883396,102.698568085,42.0577824611
-0.0289750484033,103.052719012,42.4142619538
-0.0285187689893,103.412153857,42.76325003
-0.0280849738875,103.776801878,43.1045219692
-0.0276710198719,104.146571759,43.4380354684
-0.0272743833301,104.521347308,43.7639687576
-0.0268926480889,104.901010846,44.0825132612
-0.0265234943771,105.285444691,44.3938604038
-0.0261646888668,105.674531164,44.6982016099
-0.0258140757312,106.068152584,44.9957283042
-0.0254695686583,106.466191271,45.2866319112
-0.0251291437586,106.868529545,45.5711038554
-0.024790833309,107.275049726,45.8493355613
-0.0244527202751,107.685634132,46.1215184536
-0.0241129335554,108.100165084,46.3878439568
-0.0237696438959,108.518524903,46.6485034954
-0.0234210604221,108.940595906,46.903688494
-0.0230654277412,109.366260415,47.1535903772
-0.0227010235668,109.795400749,47.3984005694
-0.0223261568238,110.227899227,47.6383104953
-0.0219391661927,110.66363817,47.8735115794
-0.0215384190556,111.102499897,48.1041952463
-0.0211223108125,111.544366727,48.3305529204
-0.0206892645386,111.989120982,48.5527760264
-0.0202377309608,112.436644979,48.7710559889
-0.0197661887361,112.88682104,48.9855842323
-0.0192731450245,113.339531484,49.1965521812
-0.0187571363548,113.79465863,49.4041512602
-0.0182167297924,114.252084799,49.6085728938
-0.0176505244306,114.711692309,49.8100085066
-0.0170571532358,115.173363481,50.0086495231
-0.0164352852938,115.636980635,50.2046873679
-0.0157836285161,116.102426091,50.3983134656
-0.015100932884,116.569582167,50.5897192406
-0.0143859943224,117.038331184,50.7790961176
-0.0136376593151,117.508555461,50.9666355211
-0.0128548303905,117.980137319,51.1525288756
-0.0120364726267,118.452959077,51.3369676058
-0.0111816213421,118.926903054,51.5201431361
-0.0102893911562,119.401851571,51.7022468911
-0.00935898662098,119.877686947,51.8834702953
-0.00838971463535,120.354291502,52.0640047705
-0.00738099886763,120.831547556,52.244027345
-0.00633239641056,121.309337428,52.4236672425
-0.00524361689305,121.787543438,52.6030437744
-0.00411454425777,122.266047906,52.7822762524
-0.00294526138889,122.744733152,52.961483988
-0.00173607773292,123.223481495,53.1407862927
-0.000487559996344,123.702175256,53.3203024781
0.00079943407837,124.180696753,53.5001518558
0.00208193808306,124.658928307,53.6804537372
0.00331637771123,125.136752237,53.8613274341
0.00450084699968,125.614050863,54.0428922578
0.00563356841075,126.090706505,54.22526752
0.00671288426922,126.566601483,54.4085725322
0.0077372522721,127.041618116,54.592926606
0.00870524459915,127.515638724,54.778449053
0.00961555009612,127.988545626,54.9652591846
0.0104669789616,128.460221144,55.1534763125
0.0112584693407,128.930547595,55.3432197481
0.0119890952146,129.399407301,55.5346088031
0.012658074974,129.86668258,55.727762789
0.0132647800787,130.332255753,55.9228010173
0.0138087432306,130.796009139,56.1198427996
0.0142896655281,131.257825058,56.3190074475
0.0147074221229,131.71758583,56.5204142725
0.0150620659614,132.175173774,56.7241825862
0.0153538292682,132.63047121,56.9304317001
0.0155831225089,133.083360458,57.1392809257
0.0157505306524,133.533723838,57.3508495747
0.0158568066435,133.98144367,57.5652569585
0.0159028620786,134.426402272,57.7826223888
0.0158897551621,134.868481965,58.0030651771
0.0158186760924,135.307565069,58.2267046349
0.0156909300967,135.743533904,58.4536600738
0.0155079183812,136.176270788,58.6840508054
0.0152711173116,136.605658043,58.9179961411
0.0149820561604,137.031577987,59.1556153927
0.0146422937749,137.45391294,59.3970278715
0.0142533945187,137.872545222,59.6423528891
0.0138169038262,138.287357153,59.8917097572
0.0133343236911,138.698281064,60.1451670591
0.0128070883702,139.105520442,60.4025183321
0.0122365405538,139.509370246,60.6634643317
0.0116239082014,139.910125503,60.9277057417
0.0109702822014,140.308081243,61.1949432463
0.0102765949643,140.703532494,61.4648775293
0.00954360001205,141.096774284,61.7372092749
0.00877185258996,141.488101642,62.0116391669
0.00796169128544,141.877809597,62.2878678893
0.00711322061444,142.266193176,62.5655961262
0.00622629451235,142.653547409,62.8445245616
0.00530050065691,143.040167323,63.1243538793
0.00433514555068,143.426347947,63.4047847635
0.00332924030371,143.81238431,63.685517898
0.00228148708446,144.19857144,63.9662539669
0.00119026625092,144.585204366,64.2466936542
5.36242368295e-05,144.972578115,64.5265376438
-0.00113073764675,145.360987718,64.8054866198
-0.00236547322267,145.750728201,65.0832412661
-0.00365359985689,146.142094593,65.3595022666
-0.00499850467024,146.535381924,65.6339703055
-0.00640394773247,146.930885221,65.9063460667
-0.00787406114009,147.328899513,66.1763302341
-0.00941334253913,147.729719828,66.4436234918
-0.0109223689916,148.133641195,66.7079265237
-0.0122981689797,148.540958642,66.9689400139
-0.0135392627885,148.951967198,67.2263646462
-0.0146430677595,149.366942316,67.4799176921
-0.015606060002,149.785885143,67.7295488605
-0.0164239407983,150.208594791,67.9753790591
-0.0170918056714,150.634865675,68.2175331752
-0.0176043134923,151.064492208,68.4561360959
-0.017955852447,151.497268807,68.6913127086
-0.0181406992525,151.932989886,68.9231879003
-0.0181531677863,152.37144986,69.1518865585
-0.0179877433487,152.812443143,69.3775335703
-0.0176391991553,153.255764151,69.6002538229
-0.0171026923862,153.701207299,69.8201722035
-0.0163738381987,154.148567,70.0374135995
-0.0154487615154,154.597637671,70.252102898
-0.0143241280728,155.048213726,70.4643649863
-0.0129971581057,155.500089579,70.6743247515
-0.0114656280541,155.953059646,70.882107081
-0.00972786775222,156.406918341,71.0878368619
-0.00778276260974,156.861460079,71.2916389815
-0.00562977225342,157.316479276,71.4936383271
-0.00326897890229,157.771770346,71.6939597857
-0.000701180313674,158.227127703,71.8927282448
0.00207195664357,158.682345763,72.0900685915
0.00504766503018,159.137218941,72.286105713
0.00822175281324,159.591541651,72.4809644966
0.0115881683628,160.045108308,72.6747698294
0.014975936158,160.497696078,72.8676971174
0.0182154278405,160.94897561,73.0602337278
0.0213020187285,161.398576938,73.2529859846
0.0242323932061,161.846130014,73.4465604468
0.0270043696067,162.291264791,73.6415636736
0.0296167867778,162.733611222,73.8386022238
0.0320694414144,163.172799259,74.0382826566
0.0343630647223,163.608458856,74.2412115309
0.0364993270859,164.040219964,74.4479954059
0.0384808600392,164.467712536,74.6592408405
0.0403112858684,164.890566526,74.8755543937
0.0419952465257,165.308411886,75.0975426246
0.0435384251278,165.720878569,75.3258120922
0.0449475550706,166.127596527,75.5609693556
0.0462304136262,166.528195713,75.8036209737
0.0473957987022,166.92230608,76.0543735056
0.0484534891513,167.30955758,76.3138335104
0.0494141905323,167.689580167,76.582607547
0.0502894694738,168.062003793,76.8613021745
0.051091680731,168.426458411,77.1505239519
0.051833891629,168.782573973,77.4508794383
0.052529808856,169.129980433,77.7629751926
0.0531937125295,169.468307742,78.0874177739
0.0538404021516,169.797185854,78.4248137412
0.0544851585433,170.116244722,78.7757696536
0.0551437251624,170.425114297,79.1408920701
0.0558323114067,170.723424533,79.5207875497
0.0565676196181,171.010805383,79.9160626515
0.0573355464362,171.2868868,80.3273239344
0.0581089091451,171.551298735,80.755126527
0.0588854072922,171.803671141,81.1991030219
0.0596630606267,172.043633973,81.6580884394
0.0604402481393,172.270817181,82.1308915281
0.0612157488749,172.48485072,82.6163210365
0.0619887833929,172.68536454,83.1131857132
0.0627590547789,172.871988597,83.6202943068
0.0635267881707,173.044352841,84.1364555658
0.0642927678513,173.202087226,84.6604782388
0.0650583710777,173.344821705,85.1911710745
0.0658255979555,173.472186229,85.7273428213
0.0665970968256,173.583810753,86.2678022278
0.0673761847863,173.679325228,86.8113580426
0.0681668631245,173.758359608,87.3568190144
0.068973827551,173.820543845,87.9029938916
0.0698024732114,173.865507892,88.4486914228
0.0706588944599,173.892881701,88.9927203566
0.0715498793119,173.902295225,89.5338894417
0.0724828983181,173.893378418,90.0710074264
0.0734660872993,173.865761231,90.6028830595
0.0745082229289,173.819073618,91.1283250895
0.0756186895215,173.752945531,91.646142265
0.0768074345468,173.667006922,92.1551433345
0.0780849093238,173.560887746,92.6541370467
0.0794619900114,173.434217953,93.14193215
0.0809498723843,173.286627498,93.6173373931
0.0825599319434,173.117746332,94.0791615245
0.0842557133892,172.927204409,94.5262132929
0.0859678605507,172.714652718,94.9573242984
0.0876567819768,172.48031576,95.3719491428
0.089281048988,172.22504629,95.7702248936
0.0907980734228,171.949729076,96.1523233943
0.0921650583211,171.655248888,96.5184164882
0.0933401921859,171.342490492,96.8686760187
0.0942840299751,171.012338657,97.2032738293
0.0949609763851,170.665678152,97.5223817632
0.0953407638281,170.303393745,97.8261716639
0.0953998035435,169.926370204,98.1148153748
0.0951222875621,169.535492297,98.3884847391
0.0945009339353,169.131644792,98.6473516003
0.0935372972762,168.715712458,98.8915878019
0.0922416078117,168.288580064,99.121365187
0.0906321489754,167.851132376,99.3368555992
0.0887342289656,167.404254164,99.5382308818
0.0865788388137,166.948830195,99.7256628782
0.0842011132576,166.485745239,99.8993234317
0.0816387187121,166.015884063,100.059384386
0.0789302854355,165.540131435,100.206017584
0.0761139816534,165.059372124,100.339394869
0.0732263004438,164.574490899,100.459688085
0.0703011005141,164.086372526,100.567069075
0.0673689138943,163.595901775,100.661709683
0.0644565101098,163.103963413,100.743781751
0.061586689207,162.611440174,100.813457123
0.0587782654216,162.118973144,100.870907643
0.0561254463246,161.626736659,100.916305154
0.0537001975376,161.134851777,100.949821499
0.0514851890679,160.64343956,100.971628522
0.0494635629158,160.152621066,100.981898066
0.0476191785187,159.662517357,100.980801975
0.0459367562407,159.173249492,100.968512091
0.044401947018,158.684938531,100.945200259
0.0430013497748,158.197705534,100.911038321
0.0417224929517,157.711671562,100.866198121
0.0405537923147,157.226957674,100.810851503
0.0394844939713,156.74368493,100.745170309
0.0385046090427,156.261974391,100.669326383
0.037604844576,155.781947116,100.583491569
0.0367765338961,155.303724167,100.487837709
0.0360115685728,154.827426601,100.382536648
0.0353023334453,154.353175481,100.267760229
0.0346416456144,153.881091865,100.143680294
0.0340226979404,153.411296814,100.010468688
0.0334390073296,152.943911388,99.8682972537
0.0328843679136,152.479056647,99.7173378344
0.0323528091152,152.016853651,99.5577622737
0.031838558518,151.55742346,99.3897424148
0.0313360094148,151.100887135,99.2134501011
0.0308396928851,150.647365734,99.0290571762
0.0303442542378,150.196980319,98.8367354832
0.0298444336535,149.749851949,98.6366568656
0.0293350508597,149.306101684,98.4289931668
0.0288109936754,148.865849758,98.2139166409
0.0282672102704,148.429115571,97.9916495867
0.0276987049882,147.995722314,97.7625116875
0.0271005375996,147.565470583,97.526833842
0.0264678258638,147.138160971,97.2849469488
0.0257957513032,146.713594072,97.0371819065
0.0250795681246,146.29157048,96.7838696139
0.0243146152644,145.871890789,96.5253409695
0.023496331588,145.454355593,96.2619268721
0.0226202743446,145.038765488,95.9939582201
0.0216821410611,144.624921066,95.7217659124
0.0206777951595,144.212622921,95.4456808475
0.0196032957012,143.801671649,95.1660339241
0.0184549317849,143.391867843,94.8831560408
0.0172292622707,142.983012096,94.5973780963
0.0159231616393,142.574905004,94.3090309892
0.0145338729329,142.167347161,94.0184456182
0.0130590688417,141.76013916,93.7259528819
0.0114969220789,141.353081595,93.4318836789
0.0098461862127,140.945975062,93.136568908
0.00810628805906,140.538620153,92.8403394677
0.00627743256469,140.130817463,92.5435262567
0.00436072077221,139.722367586,92.2464601737
0.00235828093013,139.313071116,91.9494721172
0.000273412035398,138.902728648,91.652892986
-0.00188926196367,138.491140775,91.3570536786
-0.00412363045887,138.078108092,91.0622850938
-0.00642193184625,137.663431192,90.7689181302
-0.00877459349819,137.24691067,90.4772836864
-0.011113750823,136.82834712,90.187712661
-0.0133740637401,136.407541137,89.9005359528
-0.0155496656332,135.984293313,89.6160844603
-0.0176364064768,135.558404243,89.3346890822
-0.0196317157031,135.129674522,89.0566807172
-0.0215344645671,134.697904744,88.7823902638
-0.0233448313244,134.262895502,88.5121486208
-0.0250641714238,133.82444739,88.2462866868
-0.026694894074,133.382361004,87.9851353605
-0.0282403459409,132.936462637,87.7290214702
-0.0297047023262,132.486784108,87.4782392954
-0.031092865923,132.033455826,87.233067502
-0.0324103730961,131.576608821,86.9937846573
-0.0336633075615,131.116374121,86.7606693288
-0.0348582213023,130.652882757,86.5340000838
-0.0360020625327,130.186265759,86.3140554897
-0.0371021104986,129.716654155,86.1011141138
-0.0381659168522,129.244178977,85.8954545237
-0.039201253263,128.768971253,85.6973552866
-0.0402160648219,128.291162014,85.5070949699
-0.041218428644,127.810882289,85.3249521411
-0.0422165168919,127.328263108,85.1512053674
-0.0432185632125,126.843435501,84.9861332164
-0.0442328313035,126.356530497,84.8300142553
-0.0452675840057,125.867679127,84.6831270516
-0.0463310509395,125.377012419,84.5457501726
-0.0474313922672,124.884661404,84.4181621858
-0.0485766556664,124.390757111,84.3006416584
-0.0496969060046,123.895430571,84.193467158
-0.0507211625659,123.398812812,84.0969172518
-0.0516562465481,122.901034865,84.0112705073
-0.0525096834404,122.40222776,83.9368054919
-0.0532897978884,121.902522526,83.8738007728
-0.0540057829308,121.402050192,83.8225349176
-0.054667748091,120.900941789,83.7832864936
-0.0552867517234,120.399328347,83.7563340682
-0.0558748238242,119.897340894,83.7419562088
-0.0564449861582,119.395110462,83.7404314827
-0.0570112770327,118.892768079,83.7520384573
-0.0575887883538,118.390444776,83.7770557
-0.058193722774,117.888271581,83.8157617783
-0.0588434788129,117.386539256,83.868425173
-0.059556771861,116.886201709,83.9352724894
-0.0603537989934,116.388384922,84.0165194668
-0.0612564555581,115.894214878,84.1123818445
-0.0622886115368,115.40481756,84.2230753621
-0.0634764556403,114.921318948,84.3488157588
-0.0648489148264,114.444845026,84.4898187739
-0.0664381561028,113.976521776,84.6463001469
-0.0682801755807,113.51747518,84.8184756171
-0.0704154759171,113.068831221,85.0065609239
-0.0728898261576,112.63171588,85.2107718066
-0.0757550854653,112.207255141,85.4313240047
-0.0790700510499,111.796574984,85.6684332573
-0.0829012559956,111.400801394,85.922315304
-0.0872273679787,111.021060351,86.1931858841
-0.0919586440718,110.658477838,86.4812607369
-0.0970545644163,110.314179838,86.7867556019
-0.102457206302,109.989292333,87.1098862183
-0.108087474843,109.684941305,87.4508683256
-0.113842095845,109.402252736,87.809917663
-0.11959206398,109.142352609,88.18724997
-0.125183353951,108.906351876,88.5830583919
-0.130440681989,108.694815634,88.9967154878
-0.135174872794,108.507621348,89.4265601045
-0.139193895603,108.344602629,89.8708651562
-0.142316907935,108.205593083,90.3279035571
-0.144389818829,108.09042632,90.7959482212
-0.145300188136,107.998935947,91.2732720626
-0.144988985319,107.930955573,91.7581479956
-0.143457033981,107.886318807,92.2488489343
-0.14076487235,107.864859257,92.7436477928
-0.137026041761,107.86641053,93.2408174852
-0.132395094658,107.890806236,93.7386309257
-0.127052511308,107.937879983,94.2353610284
-0.121189008248,108.00746538,94.7292807075
-0.114991418775,108.099396033,95.218662877
-0.108631622313,108.213505553,95.7017804512
-0.102259167021,108.349627547,96.1769063441
-0.0959975022334,108.507595623,96.6423134699
-0.0899432457847,108.68724339,97.0962747428
-0.0841676803403,108.888298699,97.5373587845
-0.0787196542849,109.109982932,97.9655503465
-0.0737364853998,109.351366038,98.3812576027
-0.0692871531867,109.611517937,98.7848888031
-0.0653071527118,109.889508551,99.1768521979
-0.0617375699892,110.184407801,99.5575560372
-0.0585252049283,110.495285609,99.9274085711
-0.0556223486684,110.821211896,100.28681805
-0.0529863728671,111.161256582,100.636192723
-0.0505792319077,111.514489589,100.975940842
-0.0483669404303,111.879980838,101.306470656
-0.046319062959,112.256800251,101.628190415
-0.0444082357489,112.644017749,101.94150837
-0.0426097304327,113.040703252,102.24683277
-0.0409010625669,113.445926682,102.544571866
-0.0392616443694,113.858757961,102.835133907
-0.0376724788477,114.27826701,103.118927145
-0.0361158915278,114.703523748,103.396359829
-0.0345752956851,115.133598099,103.667840209
-0.0330349871135,115.567559983,103.933776536
-0.031479964873,116.004556849,104.194564589
-0.0298957750515,116.444197192,104.450525995
-0.0282683753232,116.886259264,104.701955074
-0.026584018961,117.33052158,104.949146107
-0.024829157992,117.776762657,105.192393371
-0.0229903663835,118.224761008,105.431991147
-0.0210542855659,118.67429515,105.668233713
-0.0190075962697,119.125143599,105.901415349
-0.0168370226298,119.57708487,106.131830333
-0.0145293768269,120.029897478,106.359772944
-0.0121796849505,120.483359939,106.585537463
-0.00988918587255,120.937250768,106.809418168
-0.0076543660505,121.391348482,107.031709337
-0.00547218229481,121.845431595,107.252705251
-0.00334023196857,122.299278624,107.472700188
-0.00125690050101,122.752668083,107.691988427
0.000778510785037,123.205378488,107.910864248
0.00276567495385,123.657188355,108.12962193
0.0047031476535,124.107876199,108.348555751
0.00658829434142,124.557220535,108.567959991
0.00841723883006,125.004999881,108.78812893
0.0101848364394,125.450992749,109.009356845
0.0118846757894,125.894977658,109.231938017
0.0135091136877,126.336733121,109.456166724
0.0150493475798,126.776037655,109.682337245
0.0164955295644,127.212669774,109.910743861
0.0178369249605,127.646407995,110.141680848
0.0190621168297,128.077030833,110.375442488
0.0201592557143,128.504316804,110.612323059
0.0211163512389,128.928044422,110.85261684
0.0219215992755,129.347992205,111.09661811
0.0225637353269,129.763938666,111.344621148
0.0230324019037,130.175710485,111.596873338
0.0233185152824,130.583416222,111.853347595
0.0234146154458,130.987266686,112.113917275
0.0233151824933,131.387472827,112.378455599
0.0230169035492,131.784245594,112.646835784
0.0225188762472,132.177795939,112.918931051
0.0218710036916,132.568334812,113.194614618
0.0211290865913,132.956073162,113.473759704
0.0203032694319,133.341221941,113.756239527
0.0194038882674,133.723992099,114.041927308
0.0184412193286,134.104594585,114.330696263
0.017425257864,134.483240351,114.622419614
0.0163655312392,134.860140347,114.916970578
0.0152709480194,135.235505523,115.214222374
0.0141496827597,135.60954683,115.514048222
0.0130090946093,135.982475217,115.81632134
0.0118556766425,136.354501636,116.120914947
0.0106950320306,136.725837036,116.427702262
0.00953187274928,137.096692368,116.736556504
0.0083700363962,137.467278582,117.047350892
0.00721251682083,137.837806629,117.359958645
0.00606150456926,138.208487459,117.674252981
0.00491843356132,138.579532022,117.99010712
0.00378403089159,138.951151269,118.307394281
0.0026583671383,139.32355615,118.625987682
0.00154090504206,139.696957615,118.945760543
0.000430544857442,140.071566615,119.266586081
-0.000674334927881,140.4475941,119.588337518
-0.00177584247738,140.825251021,119.91088807
-0.0028765437877,141.204748327,120.234110957
-0.00397944064174,141.58629697,120.557879398
-0.00508795563553,141.970107899,120.882066613
-0.00620592445344,142.356392065,121.206545819
-0.00732494351942,142.745360418,121.531190235
-0.00843693936571,143.137223908,121.855873082
-0.00954657063632,143.532193487,122.180467577
-0.0106585340442,143.930480104,122.504846939
-0.0117775818379,144.332294709,122.828884388
-0.0129085406568,144.737848254,123.152453142
-0.0140563313462,145.147351688,123.47542642
-0.0152259892829,145.561015961,123.797677442
-0.0164226847148,145.979051279,124.119078376
-0.0176517425354,146.401559691,124.43934936
-0.0189186607935,146.828422841,124.757900692
-0.020229127073,147.259495538,125.074104954
-0.02158903166,147.69463259,125.387334724
-0.0230044761345,148.133688808,125.696962582
-0.0244817756737,148.576519001,126.00236111
-0.0260274529214,149.022977978,126.302902887
-0.027648220753,149.472920549,126.597960492
-0.0293509506374,149.926201523,126.886906507
-0.0311426225665,150.38267571,127.169113511
-0.0330302516822,150.842197918,127.443954084
-0.0350207858042,151.304622958,127.710800806
-0.0371209670769,151.769805639,127.969026258
-0.0393371499707,152.23760077,128.218003019
-0.0416750670029,152.707863161,128.457103669
-0.0441395329383,153.180447621,128.685700789
-0.0467340781239,153.65520896,128.903166958
-0.0494605023382,154.132001987,129.108874757
-0.05231834251,154.610681511,129.302196766
-0.0552034932762,155.091102341,129.482505565
-0.057996655699,155.573119288,129.649173733
-0.0606702338636,156.056587161,129.801573851
-0.063194210155,156.541360769,129.9390785
-0.065537095379,157.027294921,130.061060258
-0.0676670718628,157.514244427,130.166891706
-0.0695532885709,158.002064097,130.255945425
-0.0711672431499,158.49060874,130.327593993
-0.0724841650853,158.979733164,130.381209992
-0.0734843006992,159.469292181,130.416166001
-0.0741539978864,159.959140598,130.431834601
-0.0744864982365,160.449131658,130.42759472
-0.0744823664256,160.939012827,130.403253467
-0.0741495190288,161.428360532,130.359310344
-0.0735028527742,161.916735623,130.296327897
-0.0725635101134,162.403698953,130.214868674
-0.0713578522291,162.888811373,130.115495222
-0.0699162318335,163.371633734,129.998770087
-0.0682716679437,163.851726888,129.865255818
-0.0664585221802,164.328651686,129.715514961
-0.0645112630059,164.80196898,129.550110063
-0.0624633840491,165.271239621,129.369603672
-0.0603465190745,165.73602446,129.174558335
-0.0581897728445,166.195884349,128.965536599
-0.0560192667661,166.65038014,128.743101011
-0.0538578824796,167.099072683,128.507814119
-0.0517251759965,167.541522831,128.260238469
-0.0496374293683,167.977291435,128.000936609
-0.0476461528526,168.405939345,127.730471085
-0.045776826344,168.827027414,127.449404446
-0.0440056975858,169.240116494,127.158299238
-0.0423106379091,169.644767434,126.857718009
-0.0406708870921,170.040541088,126.548223305
-0.0390668222662,170.426998306,126.230377674
-0.037479751746,170.80369994,125.904743663
-0.0358917336986,171.170206841,125.571883819
-0.0342854191934,171.526171845,125.23236069
-0.032643919231,171.872011915,124.886736822
-0.0309506957458,172.208522517,124.535574763
-0.0291894772612,172.536501825,124.17943706
-0.027344200841,172.856748015,123.81888626
-0.0253989832196,173.170059259,123.45448491
-0.0233381255333,173.477233733,123.086795558
-0.0211461579234,173.77906961,122.71638075
-0.0188079324563,174.076365066,122.343803034
-0.0163087752623,174.369918274,121.969624957
-0.0136347114836,174.66052741,121.594409066
-0.0107727793484,174.948990646,121.218717909
-0.00771145218446,175.236106158,120.843114032
-0.00444118895078,175.52267212,120.468159983
-0.000955134169088,175.809486706,120.094418309
0.00275001407459,176.09734809,119.722451556
0.00667295555147,176.387054448,119.352822273
0.0108065581232,176.679403953,118.986093007
0.0151364658385,176.97519478,118.622826304
0.0196395933308,177.275225102,118.263584712
0.0241018346466,177.580293096,117.908930778
0.0283085335433,177.891196933,117.559427049
0.0322303215033,178.20873479,117.215636073
0.0358408474619,178.533704841,116.878120396
0.0391173098103,178.866905259,116.547442565
0.0420410739552,179.209121289,116.224158966
0.0445983019628,179.560680063,115.908607626
0.0467805168537,179.921338169,115.60085463
0.0485850285279,180.29081644,115.300949018
0.050015160975,180.668835709,115.008939832
0.0510802400993,181.055116806,114.724876113
0.0517953257823,181.449380564,114.448806902
0.0521806975592,181.851347816,114.18078124
0.0522611270836,182.260739394,113.920848168
0.0520649893779,182.677276129,113.669056726
0.0516232766174,183.100678855,113.425455957
0.0509685820135,183.530668403,113.190094901
0.0501341176927,183.966965605,112.963022599
0.0491528207827,184.409291294,112.744288093
0.0480565883511,184.857366302,112.533940422
0.0468756666853,185.310911461,112.33202863
0.0456382057356,185.769647603,112.138601755
0.0443699769171,186.233295561,111.95370884
0.0430942428513,186.701576166,111.777398926
0.0418317613553,187.174210252,111.609721053
0.0406009029582,187.650918649,111.450724263
0.0394178610014,188.13142219,111.300457596
0.0383484900339,188.615441708,111.158970094
0.0374389560378,189.102698035,111.026310798
0.036675893554,189.592912002,110.902528749
0.0360476645473,190.085804442,110.787672988
0.0355441350416,190.581096188,110.681792556
0.0351564761696,191.078508071,110.584936494
0.0348769868568,191.577760923,110.497153843
0.0346989352991,192.078575578,110.418493644
0.0346164164659,192.580672866,110.349004938
0.0346242230312,193.083773621,110.288736767
0.0347177273327,193.587598674,110.237738171
0.0348927721924,194.091868858,110.196058191
0.0351455686644,194.596305004,110.163745869
0.0354725990148,195.100627945,110.140850246
0.0358705234861,195.604558514,110.127420361
0.0363360896479,196.107817542,110.123505258
0.0368660434032,196.610125861,110.129153976
0.0374570410067,197.111204305,110.144415557
0.0381055617631,197.610773704,110.169339041
0.0388078214202,198.108554891,110.203973471
0.0395596866544,198.604268699,110.248367886
0.0403565914649,199.09763596,110.302571328
0.0411934567529,199.588377505,110.366632839
0.0420646148412,200.076214167,110.440601458
0.0429637411887,200.560866778,110.524526228
0.043883796038,201.04205617,110.618456188
0.0448169791806,201.519503177,110.722440381
0.0457547013814,201.992928628,110.836527847
0.0466875762411,202.462053358,110.960767628
0.0476054363154,202.926598198,111.095208764
0.0484973771202,203.38628398,111.239900296
0.049351832159,203.840831537,111.394891266
0.050156681293,204.2899617,111.560230714
0.0508993935918,204.733395303,111.735967682
0.0515672042848,205.170853176,111.922151211
0.0521473236058,205.602056612,112.118830043
0.0526271732859,206.026830045,112.325985898
0.0529946443262,206.44523096,112.54344906
0.0532383676451,206.857348832,112.771029024
0.0533479874287,207.263273136,113.008535286
0.0533144257276,207.663093347,113.255777342
0.053130126214,208.056898941,113.512564688
0.0527892651735,208.444779392,113.778706818
0.0522879188336,208.826824176,114.05401323
0.0516241780069,209.203122769,114.338293419
0.0507982036379,209.573764644,114.63135688
0.0498122200063,209.938839278,114.933013109
0.0486704457888,210.298436146,115.243071602
0.0473789666267,210.652644723,115.561341854
0.0459455559875,211.001554484,115.887633362
0.0443794536974,211.345254904,116.221755622
0.0426911133526,211.683835459,116.563518128
0.0408919307954,212.017385624,116.912730376
0.0389939659463,212.345994873,117.269201863
0.0370096695899,212.669752683,117.632742084
0.0349516253564,212.988748528,118.003160535
0.0328864550267,213.303071884,118.380266711
0.0308811205448,213.612812225,118.763870109
0.0289466256533,213.918059028,119.153780223
0.0270914519119,214.218901766,119.54980655
0.0253218359058,214.515429916,119.951758586
0.0236420553482,214.807732953,120.359445826
0.0220547108566,215.095900351,120.772677765
0.0205609939868,215.380021587,121.1912639
0.0191609353432,215.660186134,121.615013727
0.017853629206,215.936483469,122.043736741
0.0166374331361,216.209003067,122.477242437
0.0155101425175,216.477834403,122.915340312
0.0144691410359,216.743066951,123.357839862
0.013511528774,217.004790188,123.804550581
0.0126342299951,217.263093588,124.255281966
0.0118340828733,217.518066627,124.709843513
0.0111079134577,217.76979878,125.168044717
0.0104525960886,218.018379522,125.629695073
0.00986510234721,218.263898328,126.094604079
0.00934254045055,218.506444674,126.562581229
0.00888218681455,218.746108034,127.033436019
0.00848151132202,218.982977885,127.506977944
0.00813819765239,219.2171437,127.983016502
0.0078501598667,219.448694956,128.461361187
0.0076155562956,219.677721127,128.941821494
0.00743280165303,219.904311689,129.424206921
0.00730057819389,220.128556117,129.908326962
0.00721784664999,220.350543886,130.393991114
0.00718385761497,220.570364471,130.881008871
0.00719816400409,220.788107348,131.36918973
0.00726063518892,221.003861992,131.858343187
0.00737147339879,221.217717878,132.348278737
0.00753123299044,221.42976448,132.838805875
0.00774084321427,221.640091276,133.329734099
0.00800163515003,221.848787738,133.820872902
0.00831537354776,222.055943344,134.312031782
0.00868429439046,222.261647567,134.803020234
0.0091111490959,222.465989884,135.293647753
0.00959925639492,222.669059769,135.783723836
0.0101525630644,222.870946698,136.273057977
0.0107757148537,223.071740145,136.761459674
0.0114741391207,223.271529587,137.24873842
0.0122541408894,223.470404498,137.734703714
0.0131230142362,223.668454353,138.219165049
0.0140891711104,223.865768628,138.701931921
0.0151622898563,224.062436798,139.182813828
0.0163534858097,224.258548033,139.66162036
0.0176755063281,224.454000863,140.138222187
0.019142952404,224.648177683,140.612655323
0.0207725284759,224.840374393,141.084983494
0.0225833210148,225.029886896,141.555270425
0.0245971046519,225.216011092,142.023579839
0.0268386716366,225.398042882,142.489975463
0.0293361757207,225.575278168,142.954521021
0.0321214743775,225.747012851,143.417280238
0.035230442512,225.912542832,143.878316839
0.0386142910308,226.071164012,144.337694548
0.0422136309482,226.222172293,144.795477091
0.0460522512461,226.364863576,145.251728193
0.0501546695715,226.498533761,145.706511578
0.0545458707227,226.622478751,146.159890971
0.0592508966887,226.735994445,146.611930097
0.0642942477398,226.838376747,147.062692682
0.0696990477024,226.928921556,147.512242449
0.0754859217177,227.006924773,147.960643125
0.081671533333,227.071682301,148.407958433
0.0882667324233,227.122490041,148.854252099
0.0952742798796,227.158643892,149.299587847
0.102686143832,227.179439758,149.744029402
0.110480410517,227.184173538,150.187638209
0.11861792532,227.172141135,150.629970315
0.127038878258,227.142638449,151.069443247
0.135659670136,227.094961381,151.504318778
0.144370528949,227.028405833,151.932858681
0.153034466619,226.942267706,152.353324729
0.161488235712,226.835842901,152.763978693
0.169545915676,226.70842732,153.163082348
0.177005579517,226.559316863,153.548897464
0.183659134894,226.387807431,153.919685817
0.189304911401,226.193194927,154.273709177
0.193761954144,225.974775251,154.609229317
0.196884421544,225.731844304,154.924508011
0.198574146752,225.463697987,155.217807031
0.198789457419,225.169632203,155.487388149
0.197283904307,224.848942851,155.731513139
0.193799369601,224.500925834,155.948443773
0.188412424312,224.124891682,156.136452478
0.181310975743,223.721397292,156.294719367
0.172770989202,223.293179771,156.42401232
0.163124063471,222.843196132,156.525259373
0.152722332905,222.374403394,156.599388562
0.141906729291,221.88975857,156.64732792
0.130982744684,221.392218677,156.670005482
0.120205403939,220.884740731,156.668349284
0.109773025109,220.370281748,156.643287361
0.0998279875312,219.851798742,156.595747746
0.090462204593,219.332248731,156.526658476
0.0817251094802,218.814468521,156.436947585
0.0736324215832,218.299754625,156.327543107
0.0661745228249,217.788337468,156.199373079
0.0593237815709,217.280426158,156.053365534
0.0530405480008,216.776229803,155.890448507
0.0472777992165,216.275957508,155.711550034
0.0419845559155,215.779818381,155.517598149
0.037108255894,215.28802153,155.309520887
0.0325962819133,214.800776061,155.088246283
0.0283968249977,214.31829108,154.854702372
0.0244592343114,213.840775696,154.609817189
0.0207339706972,213.368439015,154.354518769
0.0171722476725,212.901458725,154.089756497
0.0137254132823,212.439655995,153.816722029
0.0103440990591,211.982626068,153.536760548
0.00711182215963,211.529960596,153.251219675
0.00410327543788,211.081251236,152.961447032
0.0012617377566,210.636089641,152.668790239
-0.00146180003815,210.194067466,152.374596917
-0.00411038673191,209.754776366,152.080214687
-0.00672251168907,209.317807996,151.786991171
-0.00933322276355,208.88275401,151.496273988
-0.0119750119187,208.449206063,151.20941076
-0.0146785043741,208.016755809,150.927749109
-0.0174729738287,207.584994903,150.652636654
-0.0203866942592,207.153515,150.385421017
-0.0234471275129,206.721907754,150.127449819
-0.0266809351102,206.28976482,149.88007068
-0.030113792234,205.856677853,149.644631222
-0.0337699720684,205.422238507,149.422479066
-0.037671660184,204.986038436,149.214961832
-0.0418379529737,204.547669296,149.023427141
-0.0462834935387,204.106722742,148.849222615
-0.0510167063087,203.662790427,148.693695875
-0.0560376125965,203.215464006,148.55819454
-0.0613352486104,202.764335135,148.444066233
-0.0668847705454,202.308995467,148.352658574
-0.0726444217669,201.849036657,148.285319184
-0.0785526535346,201.384065271,148.243372721
-0.0845258231687,200.914255012,148.227270386
-0.0904570190581,200.440509166,148.236339748
-0.0962166421714,199.963779064,148.269834379
-0.10165535778,199.485016037,148.32700785
-0.106609866332,199.005171418,148.407113735
-0.110911595493,198.525196537,148.509405605
-0.114397899266,198.046042727,148.633137033
-0.116924746033,197.568661318,148.77756159
-0.118379334878,197.094003641,148.941932849
-0.118690781668,196.62302103,149.125504381
-0.117837112564,196.156664814,149.32752976
-0.115847334573,195.695886325,149.547262556
-0.112798214738,195.241636896,149.783956342
-0.108806362103,194.794867856,150.03686469
-0.104017001713,194.356530538,150.305241173
-0.0985912551094,193.927576274,150.588339362
-0.0926937312945,193.508956394,150.88541283
-0.0864818612567,193.10162223,151.195715148
-0.0800978420124,192.706525114,151.518499889
-0.0736634702198,192.324616377,151.853020624
-0.0672776725905,191.95684735,152.198530927
-0.061016242261,191.604169366,152.554284369
-0.0549331659099,191.267533754,152.919534522
-0.0490629361835,190.947567678,153.293534958
-0.0434233355034,190.643396105,153.675539249
-0.0380183033009,190.353709185,154.064800968
-0.032840625478,190.077197024,154.460573687
-0.0278742933559,189.812549727,154.862110977
-0.0230964621399,189.5584574,155.268666411
-0.0184789961798,189.31361015,155.679493561
-0.0139896241561,189.076698081,156.093845999
-0.00974673022823,188.8464113,156.510977297
-0.00585405560798,188.621439912,156.930141028
-0.00226053003735,188.400474022,157.350590762
0.00107783273851,188.182203738,157.771580074
0.00419867296839,187.965319163,158.192362534
0.00713398649444,187.748510405,158.612191714
0.00991076065947,187.530467569,159.030321188
0.0125515329471,187.30988076,159.446004526
0.0150748713754,187.085440085,159.858495302
0.0174957817826,186.855835649,160.267047086
0.0198260505058,186.619757557,160.670913452
0.0220745326718,186.375895916,161.069347971
0.0242473970619,186.122940831,161.461604216
0.0263483386874,185.859582408,161.846935758
0.0283787700248,185.584510753,162.22459617
0.0303380014053,185.296416774,162.593839364
0.0322234203371,184.994426453,162.954103541
0.0340306785428,184.678818757,163.30531529
0.0357538941489,184.35006149,163.647481187
0.0373858747419,184.008622456,163.980607806
0.0389183648765,183.654969457,164.304701724
0.040342319102,183.289570299,164.619769517
0.0416481987562,182.912892783,164.925817759
0.0428262877823,182.525404714,165.222853027
0.0438670198775,182.127573896,165.510881896
0.0447613066065,181.719868132,165.789910942
0.045500854008,181.302755225,166.059946741
0.046078453916,180.876702979,166.320995868
0.0465522879935,180.442179198,166.573064899
0.0469829820966,179.999651685,166.816160409
0.0473681573288,179.549588244,167.050288975
0.0477057201712,179.092456678,167.275457171
0.0479938954633,178.628724791,167.491671574
0.0482312552106,178.158860387,167.698938759
0.0484167424224,177.683331268,167.897265302
0.0485496893117,177.202605239,168.086657779
0.0486298293418,176.717150104,168.267122765
0.0486573027865,176.227433665,168.438666835
0.0486326556654,175.733923726,168.601296567
0.0485568321173,175.237088091,168.755018534
0.0484311604723,174.737394564,168.899839313
0.0482573334724,174.235310948,169.035765479
0.0480373832505,173.731305046,169.162803609
0.0477736518207,173.225844662,169.280960277
0.0474687579332,172.719358514,169.39024206
0.0471255612169,172.212040223,169.490655533
0.0467471245636,171.703995935,169.582207272
0.0463366757042,171.195331648,169.664903852
0.0458975688864,170.68615336,169.738751849
0.0454332475012,170.176567067,169.803757839
0.0449472084131,169.666678769,169.859928398
0.0444429686445,169.156594462,169.9072701
0.0439240349484,168.646420144,169.945789522
0.0433938766826,168.136261814,169.97549324
0.0428559022795,167.626225469,169.996387828
0.0423134394923,167.116417106,170.008479864
0.0417570072158,166.606942724,170.011775921
0.0411744538459,166.09790832,170.006282577
0.0405652191475,165.589419892,169.992006406
0.0399289802216,165.081583437,169.968953985
0.0392656325834,164.574504955,169.937131888
0.0385752690582,164.068290441,169.896546693
0.0378581567069,163.563045894,169.847204973
0.0371147120404,163.058877312,169.789113306
0.0363454748188,162.555890692,169.722278266
0.0355510807487,162.054192033,169.646706429
0.0347322333982,161.553887332,169.562404371
0.0338896756397,161.055082586,169.469378668
0.0330241609077,160.557883794,169.367635895
0.0321364245251,160.062396953,169.257182628
0.0312271553067,159.568728061,169.138025443
0.0302969675971,159.076983116,169.010170915
0.0293463738431,158.587268115,168.87362562
0.028375757737,158.099689057,168.728396133
0.0273853479043,157.614351938,168.574489031
0.0263751920459,157.131362757,168.411910888
0.0253451313789,156.650827512,168.240668281
0.0242947751595,156.1728522,168.060767785
0.0232234750111,155.69754282,167.872215976
0.0221302987238,155.22500536,167.675019458
0.0210140031372,154.755323385,167.469274946
0.0198730056677,154.288508347,167.255368881
0.0187053539925,153.824557231,167.03374582
0.0175086933603,153.363467027,166.804850318
0.0162802309556,152.905234721,166.569126931
0.0150166967113,152.449857301,166.327020214
0.0137142999352,151.997331755,166.078974724
0.012368681101,151.547655069,165.825435016
0.0109748581547,151.100824231,165.566845646
0.00952716671388,150.656836229,165.303651169
0.00801919359888,150.21568805,165.036296143
0.00644370325219,149.777376682,164.765225121
0.00479255679729,149.341899112,164.490882661
0.00305662379271,148.909252327,164.213713317
0.00122568719898,148.479433315,163.934161647
-0.000711657244821,148.052439064,163.652672204
-0.00276810505982,147.62826656,163.369689546
-0.00495774691898,147.206912792,163.085658228
-0.00729616689251,146.788374747,162.801022806
-0.00980052688021,146.372649411,162.516227835
-0.0124896254411,145.959733774,162.231717872
-0.0153839143828,145.549624821,161.947937472
-0.0185054500948,145.142319541,161.66533119
-0.0218777483835,144.737814921,161.384343584
-0.025525501224,144.336107949,161.105419208
-0.0294741012665,143.937195611,160.829002618
-0.0337489053441,143.541074896,160.55553837
-0.0383741524906,143.147697658,160.285641867
-0.0433714370426,142.756790394,160.020781598
-0.0487576269612,142.368009402,159.762691784
-0.0545421177495,141.981010957,159.513106732
-0.0605082465378,141.595451335,159.273760747
-0.0663912951518,141.210986813,159.046388138
-0.0721075252491,140.827273665,158.83272321
-0.077556584067,140.443968166,158.634500271
-0.0826245614247,140.060726594,158.453453627
-0.0871889319521,139.677205222,158.291317586
-0.0911253257143,139.293060327,158.149826453
-0.0943157387444,138.907948185,158.030714535
-0.0966574392906,138.521525071,157.93571614
-0.0980715343116,138.13344726,157.866565573
-0.0985100310151,137.743371029,157.824997143
-0.0979603306651,137.350952652,157.812745155
-0.0964464364631,136.955849336,157.831535021
-0.0940266781091,136.5578411,157.881917983
-0.090788326275,136.1569522,157.962110221
-0.0868399465792,135.753235769,158.070051841
-0.0823026139897,135.346744939,158.203682954
-0.0773011329592,134.937532843,158.360943666
-0.0719562181498,134.525652612,158.539774086
-0.0663782683884,134.111157378,158.738114322
-0.0606630101502,133.694100276,158.953904483
-0.0548889765385,133.274534435,159.185084677
-0.0491165691897,132.85251299,159.429595011
-0.0433883344745,132.428089072,159.685375595
-0.0377300572974,132.001315813,159.950366537
-0.0321523091157,131.572246346,160.222507944
-0.0266521537143,131.140933804,160.499739925
-0.0212147923661,130.707431317,160.780002588
-0.0160323843503,130.27179202,161.061236042
-0.0112702817874,129.834069044,161.341380394
-0.0068707779651,129.394315521,161.618375753
-0.00278314837653,128.952584584,161.890254547
0.00103666856616,128.508929365,162.156100392
0.00462651815715,128.063402997,162.415664782
0.00801851641946,127.616058611,162.668709889
0.0112395268663,127.16694934,162.914997883
0.0143116003091,126.716128317,163.154290935
0.0172523666257,126.263648673,163.386351217
0.0200753774597,125.809563541,163.610940898
0.0227904052377,125.353926053,163.827822151
0.0254037079366,124.896789343,164.036757145
0.0279182714808,124.438206541,164.237508052
0.0303340429565,123.97823078,164.429837043
0.0326481682089,123.516915193,164.613506288
0.0348552469131,123.054312912,164.788277959
0.0369476168496,122.590477069,164.953914227
0.0389156768303,122.125460796,165.110177262
0.0407482544754,121.659317227,165.256829235
0.0424330208831,121.192099492,165.393632317
0.0439569493082,120.723860726,165.52034868
0.0453068095679,120.254654058,165.636740493
0.046469684443,119.784532623,165.742569928
0.0474334893724,119.313549553,165.837599157
0.0481874728563,118.841757979,165.921590349
0.0487226727439,118.369211034,165.994305675
0.0490323034374,117.895961851,166.055507308
0.049190502078,117.422063561,166.104957417
0.0492751106481,116.947569298,166.142418173
0.0492871722865,116.472532193,166.167651748
0.049228315255,115.997010744,166.180444513
0.0491007234539,115.521116164,166.18082058
0.0489070973145,115.044989583,166.168938992
0.0486506064034,114.568772474,166.144960341
0.0483348352973,114.092606311,166.10904522
0.0479637244311,113.616632568,166.06135422
0.0475415076918,113.140992717,166.002047933
0.0470726485191,112.665828232,165.931286952
0.0465617761923,112.191280587,165.849231869
0.0460136238419,111.717491255,165.756043274
0.0454329695383,111.24460171,165.651881762
0.0448245815846,110.772753426,165.536907923
0.0441931689048,110.302087875,165.41128235
0.0435433371691,109.832746531,165.275165635
0.0428795510633,109.364870869,165.128718369
0.0422061028856,108.89860236,164.972101145
0.041527087456,108.43408248,164.805474556
0.0408463831577,107.971452701,164.628999192
0.0401676387884,107.510854496,164.442835646
0.0394942657996,107.05242934,164.24714451
0.038829435425,106.596318706,164.042086376
0.038176080156,106.142664067,163.827821836
0.0375368990017,105.691606896,163.604511483
0.0369143659728,105.243288668,163.372315907
0.0363107412513,104.797850856,163.131395702
0.0357280845342,104.355434934,162.88191146
0.035168270091,103.916182374,162.624023771
0.0346330031158,103.48023465,162.357893229
0.0341238370134,103.047733236,162.083680426
0.0336421913096,102.618819606,161.801545953
0.0331893699316,102.193635233,161.511650402
0.0327665796528,101.772321589,161.214154367
0.032374948547,101.35502015,160.909218437
0.0320155443395,100.941872388,160.597003207
0.0316893925845,100.533019777,160.277669267
0.0313974946316,100.12860379,159.95137721
0.0311408453777,99.7287659011,159.618287628
0.0309204508277,99.3336475835,159.278561113
0.0307373455105,98.9433903108,158.932358257
0.0305926098162,98.5581355565,158.579839651
0.0304873873393,98.178024794,158.221165889
0.0304229023227,97.8031994969,157.856497562
0.0304004773108,97.4338011387,157.485995262
0.0304215511252,97.0699711928,157.109819581
0.0304876972816,96.7118511328,156.728131111
0.0306006429653,96.3595824323,156.341090445
0.0307622886827,96.0133065646,155.948858173
0.0309747286918,95.6731650032,155.55159489
0.0312402723053,95.3392992218,155.149461185
0.0315614661326,95.0118506938,154.742617653
0.0319411172955,94.6909608926,154.331224883
0.0323823176036,94.3767712919,153.915443469
0.0328728405749,94.0694233651,153.495434003
0.0333960758697,93.7690585856,153.071357077
0.0339486695528,93.4758184271,152.643373282
0.0345271021232,93.189844363,152.211643211
0.0351276495965,92.9112778668,151.776327455
0.0357463497096,92.640260412,151.337586608
0.0363789737881,92.3769334721,150.89558126
0.0370210049573,92.1214385206,150.450472004
0.0376676234824,91.8739170311,150.002419433
0.0383137000849,91.634510477,149.551584137
0.0389537980908,91.4033603318,149.098126709
0.039582185215,91.1806080691,148.642207742
0.0401928556707,90.9663951623,148.183987827
0.0407795630984,90.7608630849,147.723627555
0.0413358645483,90.5641533104,147.261287521
0.0418551754099,90.3764073124,146.797128314
0.0423308347831,90.1977665644,146.331310528
0.0427561803356,90.0283725398,145.863994754
0.0431246312098,89.8683667121,145.395341585
0.0434297770608,89.7178905549,144.925511612
0.0436654708527,89.5770855417,144.454665428
0.0438259226515,89.4460931459,143.982963624
0.0439057913533,89.3250379631,143.510557707
0.0439002711257,89.2138854824,143.037513525
0.0438051693234,89.1125137909,142.563849876
0.0436169727911,89.0208000731,142.089585067
0.0433328997963,88.9386215132,141.614737411
0.0429509353134,88.8658552957,141.139325216
0.0424698480068,88.802378605,140.663366793
0.0418891879831,88.7480686253,140.186880451
0.0412092651605,88.7028025411,139.709884501
0.0404311088939,88.6664575367,139.232397252
0.0395564102373,88.6389107965,138.754437015
0.038587448882,88.6200395049,138.276022099
0.0375270073388,88.6097208461,137.797170814
0.0363782753108,88.6078320046,137.317901471
0.0351447474165,88.6142501648,136.838232379
0.0338301174688,88.6288525109,136.358181848
0.0324381724157,88.6515162274,135.877768188
0.0309726888118,88.6821184986,135.39700971
0.0294373343638,88.720536509,134.915924723
0.0278355766951,88.7666474427,134.434531536
0.0261706010577,88.8203284843,133.952848461
0.0244452382986,88.8814568181,133.470893807
0.0226619040118,88.9499096284,132.988685883
0.0208225494833,89.0255640996,132.506243001
0.0189286247965,89.108297416,132.023583469
0.0169810543176,89.1979867621,131.540725598
0.0149802247265,89.2945093222,131.057687698
0.0129259858198,89.3977422807,130.574488079
0.0108176644606,89.5075628219,130.09114505
0.00865409231187,89.6238481301,129.607676922
0.0064336483333,89.7464753898,129.124102004
0.00415431745153,89.8753086103,128.640438607
0.00181376731133,90.0099145956,128.156705041
-0.000590554441671,90.1495661419,127.672919615
-0.0029922550752,90.29352351,127.18910064
-0.00532516566544,90.441046961,126.705266425
-0.00759226232628,90.5913967555,126.22143528
-0.00979641757077,90.7438331545,125.737625516
-0.0119403032119,90.8976164189,125.253855442
-0.0140263150224,91.0520068094,124.770143368
-0.0160565160953,91.2062645871,124.286507604
-0.0180325963606,91.3596500126,123.802966461
-0.0199558461931,91.5114233469,123.319538247
-0.0218271424712,91.6608448509,122.836241274
-0.023646945804,91.8071747853,122.353093851
-0.025415307935,91.9496734111,121.870114287
-0.0271318885403,92.0876009892,121.387320894
-0.0287959807862,92.2202177803,120.90473198
-0.0304065450786,92.3467840454,120.422365857
-0.0319622504451,92.4665600452,119.940240833
-0.033461522941,92.5788060408,119.458375219
-0.0349026003694,92.6827822928,118.976787325
-0.0362835924655,92.7777490623,118.49549546
-0.0376025455349,92.8629666099,118.014517935
-0.0388575103575,92.9376951967,117.53387306
-0.0400466119998,93.0011950835,117.053579145
-0.0411681200301,93.0527265311,116.573654498
-0.0422205175149,93.0915498004,116.094117432
-0.0432025671176,93.1169251522,115.614986254
-0.0441133726166,93.1281128474,115.136279277
-0.0449524342332,93.1243731469,114.658014808
-0.0457196963028,93.1049663116,114.180211159
-0.0464155860375,93.0691526022,113.702886639
-0.0470410424072,93.01637478,113.22610709
-0.0475975344994,92.9467929727,112.750125187
-0.0480870690791,92.860743546,112.275239508
-0.0485121874586,92.7585628655,111.801748627
-0.0488759521592,92.6405872968,111.329951121
-0.0491819242028,92.5071532056,110.860145567
-0.0494341321787,92.3585969574,110.39263054
-0.0496370344819,92.1952549179,109.927704618
-0.0497954763017,92.0174634527,109.465666376
-0.0499146430425,91.8255589274,109.00681439
-0.0500000118919,91.6198777077,108.551447237
-0.0500573032077,91.4007561591,108.099863493
-0.0500924332896,91.1685306473,107.652361734
-0.0501114699443,90.9235375378,107.209240536
-0.0501205920519,90.6661131964,106.770798476
-0.0501260541176,90.3965939886,106.33733413
-0.0501341565516,90.1153162801,105.909146074
-0.0501512221782,89.8226164365,105.486532885
-0.0501835792394,89.5188308233,105.069793138
-0.0502375509341,89.2042958062,104.65922541
-0.0503194513286,88.8793477509,104.255128277
-0.0504355872845,88.5443230229,103.857800316
-0.0505922658758,88.1995579879,103.467540102
-0.0507958066041,87.8453890114,103.084646212
-0.0510525575586,87.4821524592,102.709417222
-0.0513689145004,87.1101846968,102.342151709
-0.0517285582477,86.7298220898,101.983148248
-0.0521080305052,86.3414010039,101.632705415
-0.052503174135,85.9452578046,101.291121788
-0.0529099710565,85.5417288577,100.958695942
-0.0533245417491,85.1311505287,100.635726454
-0.0537431502749,84.7138591832,100.322511899
-0.0541622142003,84.2901911868,100.019350855
-0.0545783187731,83.8604829053,99.7265418965
-0.0549882346747,83.4250707041,99.4443836007
-0.0553889386275,82.9842909489,99.1731745436
-0.0557776361019,82.5384800054,98.9132133015
-0.0561517853329,82.0879742391,98.6647984507
-0.0565091218407,81.6331100157,98.4282285673
-0.056847682645,81.1742237008,98.2038022276
-0.0571658293858,80.71165166,97.9918180078
-0.0574622695994,80.2457302589,97.7925744843
-0.0577360754712,79.7767958632,97.6063702332
-0.0579866994688,79.3051848384,97.4335038307
-0.058213986375,78.8312335502,97.2742738532
-0.0584181813663,78.3552783642,97.1289788768
-0.058599933923,77.877655646,96.9979174778
-0.0587602975079,77.3987017613,96.8813882325
-0.0589007250996,76.9187530756,96.779689717
-0.0590230608095,76.4381459546,96.6931205076
-0.0591295279456,75.9572167639,96.6219791807
-0.0592227140014,75.4763018692,96.5665643123
-0.0593055531383,74.9957376359,96.5271744788
-0.0593813068028,74.5158604298,96.5041082563
-0.059453543153,74.0370066165,96.4976642212
-0.0595261159857,73.5595125616,96.5081409496
-0.0596031438338,73.0837146307,96.5358370179
-0.0596889898628,72.6099491931,96.5810509126
-0.0597882431242,72.1385587061,96.6439365263
-0.0599057016326,71.669904083,96.7242093679
-0.0600463576229,71.2043497223,96.8215021803
-0.0602153852117,70.7422600221,96.9354477059
-0.0604181305425,70.2839993807,97.0656786875
-0.0606601043303,69.8299321963,97.2118278677
-0.06094697654,69.3804228671,97.3735279891
-0.0612845727295,68.9358357914,97.5504117944
-0.0616788713648,68.4965353674,97.7421120261
-0.062136001152,68.0628859933,97.948261427
-0.0626622371363,67.6352520673,98.1684927396
-0.0632639939672,67.2139979878,98.4024387067
-0.0639478143252,66.7994881529,98.6497320708
-0.0647203500181,66.3920869609,98.9100055746
-0.0655883326931,65.9921588099,99.1828919607
-0.0665585304457,65.6000680983,99.4680239717
-0.0676376858426,65.2161792243,99.7650343504
-0.0688324300124,64.840856586,100.073555839
-0.0701491665063,64.4744645818,100.393221181
-0.0715939176343,64.1173676098,100.723663118
-0.0731721250008,63.7699300683,101.064514394
-0.0748883951151,63.4325163555,101.41540775
-0.0767461804097,63.1054908697,101.77597593
-0.0787473860206,62.7892180091,102.145851675
-0.0807868247726,62.484062172,102.52466773
-0.0827220283631,62.1903877564,102.912056835
-0.0844959881641,61.9085591608,103.307651735
-0.0860509370921,61.6389407833,103.711085171
-0.0873303545673,61.3818970221,104.121989887
-0.0882813021778,61.1377922756,104.539998624
-0.0888569168706,60.9069909418,104.964744126
-0.0890188400191,60.6898574191,105.395859135
-0.0887393362953,60.4867561057,105.832976394
-0.0880028655433,60.2980513999,106.275728646
-0.0868069173551,60.1241076997,106.723748632
-0.0851619971929,59.9652894036,107.176669096
-0.0830907521527,59.8219609097,107.634122781
-0.080626326051,59.6944866162,108.095742428
-0.0778101189605,59.5832309214,108.561160781
-0.0746891811903,59.4885582235,109.030010583
-0.0713134890066,59.4108329208,109.501924575
-0.0677333305808,59.3504194115,109.976535501
-0.0639969841169,59.3076820938,110.453476103
-0.0601488080891,59.2829853659,110.932379124
-0.0562277985727,59.2766936261,111.412877306
-0.0522666109325,59.2891712727,111.894603392
-0.0482909989144,59.3207827037,112.377190125
-0.0443195957244,59.3718923176,112.860270248
-0.0403639480496,59.4428645125,113.343476502
-0.0364287122315,59.5340636866,113.826441631
-0.0325119282417,59.6457323472,114.308826644
-0.0286052981334,59.7769010876,114.790573595
-0.0248251901012,59.9259061249,115.271785563
-0.0212747188956,60.091075468,115.752567532
-0.0179213941731,60.2707371259,116.233024485
-0.014733427231,60.4632191073,116.713261407
-0.0116799117395,60.6668494211,117.193383281
-0.00873082509661,60.8799560763,117.673495089
-0.00585690313455,61.1008670816,118.153701817
-0.0030294259555,61.327910446,118.634108448
-0.000219941359782,61.5594141782,119.114819964
0.00260005588103,61.7937062872,119.59594135
0.00545947624917,62.0291147819,120.07757759
0.00838800990551,62.263967671,120.559833666
0.0114165153489,62.4965929635,121.042814562
0.0145774136848,62.7253186682,121.526625263
0.0179050770533,62.948472794,122.011370751
0.0214361943817,63.1643833498,122.49715601
0.0252100890515,63.3713783444,122.984086024
0.0292689504078,63.5677857867,123.472265776
0.0336579231635,63.7519336856,123.961800251
0.0384249743649,63.9221500499,124.45279443
0.0436204254542,64.0767628885,124.945353299
0.0492959963591,64.2141006898,125.439581354
0.0555031601171,64.3327987476,125.935272214
0.0622905538542,64.4323254418,126.431375347
0.0697001438077,64.5122892036,126.926698311
0.0777618159908,64.5722984643,127.420048663
0.0864860902634,64.6119616552,127.910233961
0.0957222794132,64.6308872075,128.396061762
0.10524910582,64.6286835525,128.876339623
0.11491392785,64.6049591215,129.349875102
0.124511881844,64.5593223456,129.815475756
0.133787258697,64.4913816563,130.271949144
0.142441917179,64.4007454846,130.718102821
0.150152132016,64.287022262,131.152744346
0.156593805972,64.1498204197,131.574681275
0.161473834208,63.9887483888,131.982721168
0.164563126508,63.8034146008,132.37567158
0.165725225482,63.5934274868,132.752340069
0.16493445267,63.3583954781,133.111534193
0.162279422201,63.097927006,133.452061509
0.157951119858,62.8118061573,133.772878671
0.152218390905,62.5010196197,134.073963093
0.14539630632,62.1670578283,134.355719768
0.137813682784,61.8114129293,134.618555144
0.129785044528,61.4355770692,134.862875666
0.121590229895,61.0410423942,135.08908778
0.113462566985,60.6293010506,135.297597933
0.105584760963,60.2018451847,135.48881257
0.0980906413287,59.760166943,135.663138138
0.0910706548576,59.3057584716,135.820981083
0.0845792228711,58.840111917,135.962747851
0.0786425483865,58.3647194254,136.088844887
0.0732659616295,57.8810731432,136.199678639
0.0684403196141,57.3906652167,136.295655552
0.0641472865571,56.8949877923,136.377182072
0.0604026908167,56.3955330161,136.444664646
0.0571810007358,55.8937930346,136.49850972
0.0544075783628,55.3912599942,136.539123739
0.0520194088785,54.889426041,136.56691315
0.0499631703536,54.3897587446,136.582281551
0.0481935852419,53.8930009396,136.585548534
0.0466720300072,53.3990692119,136.576937924
0.045365371503,52.907835158,136.556668329
0.0442449975894,52.4191703746,136.524958357
0.0432860116044,51.9329464581,136.482026619
0.0424665638424,51.4490350051,136.428091721
0.0417672971079,50.9673076124,136.363372274
0.0411708871919,50.4876358764,136.288086886
0.0406616625314,50.0098913937,136.202454165
0.0402252902588,49.533945761,136.106692721
0.0398485183389,49.0596705748,136.001021162
0.0395189655359,48.5869374316,135.885658097
0.0392249526086,48.1156179282,135.760822135
0.0389553694404,47.645583661,135.626731884
0.0386995738096,47.1767062267,135.483605953
0.0384473182461,46.7088572218,135.331662951
0.0381887019287,46.2419082429,135.171121487
0.0379141448918,45.7757308867,135.002200169
0.0376143819664,45.3101967497,134.825117606
0.0372804739037,44.8451774284,134.640092408
0.0369038330663,44.3805445196,134.447343182
0.0364762609471,43.9161696197,134.247088537
0.0359899946375,43.4519243253,134.039547083
0.0354830811234,42.9876802331,133.824937427
0.0350005315491,42.5233089396,133.603478179
0.0345451860835,42.0586820415,133.375387948
0.0341196369059,41.5936711352,133.140885342
0.0337262541961,41.1281478174,132.90018897
0.0333672128596,40.6619836847,132.653517441
0.0330445194285,40.1950503336,132.401089363
0.0327600386855,39.7272410394,132.143118322
0.0325155196468,39.2588121759,131.879733777
0.0323126206259,38.7903208615,131.610995504
0.0321529331588,38.3223332834,131.33696118
0.0320380046266,37.8554156289,131.057688481
0.031969359447,37.3901340854,130.773235081
0.0319485187292,36.92705484,130.483658658
0.0319770182974,36.4667440801,130.189016887
0.0320564249878,36.009767993,129.889367444
0.0321883511063,35.5566927659,129.584768005
0.0323744669118,35.1080845861,129.275276246
0.0326165109495,34.6645096408,128.960949843
0.0329162980082,34.2265341175,128.641846471
0.0332757244146,33.7947242033,128.318023807
0.0336967702997,33.3696460855,127.989539527
0.0341814983857,32.9518659514,127.656451307
0.0347320487358,32.5419499882,127.318816822
0.0353506287967,32.1404643833,126.976693748
0.0360394979307,31.747975324,126.630139762
0.0368009454944,31.3650489975,126.279212539
0.0376372613703,30.992251591,125.923969755
0.0384821480293,30.630149292,125.564469086
0.0392588354181,30.2793082875,125.200768208
0.0399533396762,29.940294765,124.832924797
0.0405511065038,29.6136749117,124.460996529
0.0410372351823,29.3000149149,124.08504108
0.0413967362862,28.9998809618,123.705116126
0.0416148159134,28.7138392398,123.321279342
0.0416771765807,28.4424559361,122.933588404
0.0415703226236,28.186297238,122.54210099
0.0412818563041,27.9459293328,122.146874773
0.0408007501195,27.7219184077,121.747967431
0.0401175812209,27.5148306501,121.34543664
0.0392247154772,27.3252322471,120.939340074
0.0381164315267,27.1534861033,120.529735411
0.0367889789634,26.9986598863,120.116680325
0.0352405693225,26.8593129203,119.700232494
0.0334713033781,26.7340033281,119.280449592
0.0314830430404,26.6212892325,118.857389297
0.029279240435,26.5197287564,118.431109283
0.0268647402663,26.4278800224,118.001667226
0.0242455740707,26.3443011536,117.569120804
0.0214287663747,26.2675502726,117.133527691
0.0184221731024,26.1961855023,116.694945563
0.0152343719093,26.1287649655,116.253432096
0.011874622602,26.063846785,115.809044967
0.00835291353214,25.9999890837,115.361841851
0.0046801068786,25.9357499843,114.911880425
0.00109701703125,25.8696876096,114.459218363
-0.00215974561828,25.8003600824,114.003913342
-0.00508730459074,25.7263255257,113.546023038
-0.00768553410536,25.6461420621,113.085605127
-0.00995652370908,25.5583678146,112.622717285
-0.0119041867754,25.4615609058,112.157417188
-0.0135339692392,25.3542794587,111.689762511
-0.0148526198277,25.235081596,111.21981093
-0.0158679894863,25.1028196923,110.747633412
-0.0165888347945,24.9578917779,110.273370727
-0.0170246072886,24.8012016268,109.797186491
-0.0171852172506,24.6336533015,109.319244328
-0.0170807663224,24.4561508648,108.839707866
-0.0167212479911,24.2695983795,108.358740731
-0.0161162184052,24.0748999083,107.876506549
-0.0152744420849,23.8729595138,107.393168948
-0.0142035179328,23.6646812589,106.908891552
-0.01290949071,23.4509692062,106.42383799
-0.0113964520558,23.2327274184,105.938171887
-0.00966613349998,23.0108599583,105.45205687
-0.00771749209736,22.7862708886,104.965656565
-0.00554628769653,22.5598642721,104.479134599
-0.00314464986274,22.3325441713,103.992654598
-0.000500632634311,22.1052146491,103.506380189
0.00240224274825,21.8787797682,103.020474997
0.0055854523479,21.6541435912,102.535102651
0.00907592787573,21.432210181,102.050426776
0.0129064811263,21.2138836002,101.566610998
0.016905920103,21.0000679116,101.083818944
0.0208928821804,20.7916671779,100.60221424
0.0248863373036,20.5895854617,100.121960514
0.0289007432359,20.3947268259,99.6432213908
0.0329456793251,20.2079953331,99.1661604976
0.0370253904936,20.0302950461,98.6909414608
0.0411382628474,19.8625300275,98.2177279068
0.0452762666809,19.7056043402,97.746683462
0.0494244189776,19.5604220467,97.277971753
0.0535603348962,19.4278872099,96.8117564062
0.0576539543161,19.3089038925,96.3482010481
0.0616675423249,19.2043761572,95.8874693051
0.0655560675386,19.1152080666,95.4297248037
0.0692680547498,19.0423036836,94.9751311704
0.0727469842437,18.9865670709,94.5238520317
0.0759332664996,18.9489022911,94.0760510139
0.0787667583814,18.9302134069,93.6318917436
0.0811897104357,18.9314044812,93.1915378472
0.0831499549025,18.9533795767,92.7551529513
0.0846040751664,18.9969053699,92.3228784596
0.0855202559417,19.0617756882,91.8946984151
0.0858805132765,19.1473644248,91.4705289349
0.0856820511626,19.2530438131,91.0502858678
0.0849375835445,19.378186087,90.6338850629
0.083674582442,19.5221634801,90.2212423688
0.0819335425701,19.6843482262,89.8122736345
0.0797654659811,19.8641125589,89.4068947088
0.0772288468812,20.0608287119,89.0050214405
0.0744036931642,20.273868919,88.6065696786
0.0713677318559,20.5026054138,88.2114552718
0.068178026177,20.74641043,87.8195940691
0.0648879172218,21.0046562014,87.4309019192
0.0615456355255,21.2767149616,87.0452946711
0.0581934145583,21.5619589443,86.6626881735
0.054867058638,21.8597603833,86.2829982754
0.0515958904928,22.1694915121,85.9061408255
0.0484029915012,22.4905245647,85.5320316728
0.0453056474481,22.8222317745,85.1605866661
0.04231592071,23.1639853754,84.7917216542
0.0394412824941,23.515157601,84.425352486
0.0366852531794,23.8751206851,84.0613950104
0.034048012816,24.2432468612,83.6997650762
0.0315269561568,24.6189083632,83.3403785322
0.029117176598,25.0014774247,82.9831512274
0.0268118709395,25.3903262795,82.6279990105
0.0246026620954,25.7848271611,82.2748377304
0.0224798400797,26.1843523034,81.923583236
0.0204325231045,26.5882729241,81.5741513761
0.0184487407668,26.9959019176,81.2264579996
0.0165154403153,27.4064632583,80.8804189553
0.0146184150387,27.8191734423,80.5359500921
0.0127421509505,28.2332489656,80.1929672588
0.0108695841273,28.6479063243,79.8513863043
0.0089817560902,29.0623620143,79.5111230775
0.00705734819387,29.4758325318,79.1720934271
0.00507206758976,29.8875343728,78.8342132021
0.00299784621616,30.2966840333,78.4973982513
0.000801799356849,30.7024980093,78.1615644235
-0.00155512991963,31.1041927968,77.8266275676
-0.00411994183721,31.500984892,77.4925035325
-0.00694990611085,31.8920907909,77.1591081671
-0.0101156357619,32.2767269894,76.82635732
-0.0137051742996,32.6541099836,76.4941668403
-0.0178294630466,33.0234562696,76.1624525768
-0.0226296931631,33.3839823434,75.8311303783
-0.0282872304939,33.734904701,75.5001160936
-0.035037035085,34.0754398385,75.1693255717
-0.0431857678036,34.4048042518,74.8386746614
-0.0531360213485,34.7222144371,74.5080792115
-0.0654181461773,35.0268868904,74.1774550708
-0.0807304894052,35.3180381077,73.8467180884
-0.0999864146122,35.594884585,73.5157841129
-0.124359788246,35.8566428184,73.1845689933
-0.155304803151,36.1025293039,72.8529885783
-0.194492509389,36.3317605376,72.5209587169
-0.243544718088,36.5435530154,72.188395258
-0.303358727176,36.7371232335,71.8552140503
-0.372772975542,36.9116876878,71.5213309427
-0.44656708883,37.0664628744,71.186661784
-0.513738157826,37.2006652894,70.8511224232
-0.558531808709,37.3135114287,70.514628709
-0.566588884882,37.4042177884,70.1770964904
