-0.0157081838723,57.9730826017,74.8748250724
-0.0147834663755,57.5756995041,74.6464103014
-0.0138894691272,57.1752924666,74.4183479847
-0.0130251012526,56.7719514691,74.190594967
-0.0121892507698,56.3657664919,73.9631080931
-0.011380795902,55.9568275149,73.7358442077
-0.0105986146204,55.5452245182,73.5087601555
-0.00984159262821,55.1310474819,73.2818127812
-0.00910862997574,54.7143863862,73.0549589295
-0.00839864648372,54.2953312109,72.8281554451
-0.00771058613164,53.8739719363,72.6013591727
-0.00704342055407,53.4503985424,72.374526957
-0.00639615177174,53.0247010092,72.1476156428
-0.00576781426997,52.5969693169,71.9205820748
-0.00515747652386,52.1672934455,71.6933830976
-0.00456424205749,51.735763375,71.465975556
-0.00398725011353,51.3024690857,71.2383162946
-0.00342567599962,50.8675005575,71.0103621583
-0.00287873116917,50.4309477705,70.7820699917
-0.00234566308621,49.9929007047,70.5533966394
-0.00182575491702,49.5534493403,70.3242989463
-0.00131832508492,49.1126836574,70.0947337571
-0.000822726719508,48.670693636,69.8646579163
-0.000338347026393,48.2275692561,69.6340282688
0.000135393400383,47.7834004979,69.4028016593
0.00059904130476,47.3382773414,69.1709349325
0.00105311151869,46.8922897667,68.938384933
0.00149808772327,46.4455277538,68.7051085056
0.00193442321087,45.9980812829,68.471062495
0.00236254164023,45.5500403341,68.236203746
0.0027828377783,45.1014948873,68.0004891031
0.00319567822428,44.6525349226,67.7638754112
0.00360140211232,44.2032504202,67.5263195149
0.00400032179102,43.7537313602,67.287778259
0.00439272347842,43.3040677225,67.0482084881
0.00477886789228,42.8543494872,66.807567047
0.00515899085618,42.4046666345,66.5658107803
0.00553330388259,41.9551091444,66.3228965329
0.00590199473455,41.505766997,66.0787811494
0.0062652279683,41.0567301723,65.8334214744
0.00662314545927,40.6080886504,65.5867743528
0.00697586691459,40.1599324114,65.3387966292
0.00732349037521,39.7123514355,65.0894451483
0.00766609271121,39.2654357025,64.8386767549
0.00800373011391,38.8192751927,64.5864482937
0.00833643858862,38.373959886,64.3327166093
0.00866423445203,37.9295797626,64.0774385465
0.00898711483807,37.4862248026,63.8205709499
0.00930505821641,37.0439849859,63.5620706644
0.00961802492732,36.6029502928,63.3018945346
0.00992595773715,36.1632107032,63.0399994051
0.0102287824177,35.7248561972,62.7763421209
0.0105264083538,35.287976755,62.5108795264
0.0108187291814,34.8526623565,62.2435684665
0.0111056234608,34.4190029818,61.9743657858
0.0113869553864,33.9870886111,61.7032283291
0.0116625755362,33.5570092244,61.4301129411
0.0119323216635,33.1288548018,61.1549764665
0.0121960195314,32.7027153233,60.8777757499
0.012453483792,32.278680769,60.5984676362
0.012704518911,31.856841119,60.3170089699
0.0129489201368,31.4372863534,60.0333565959
0.0131864745152,31.0201064522,59.7474673589
0.0134169619467,30.6053913955,59.4592981034
0.0136401562858,30.1932311634,59.1688056743
0.0138558264789,29.783715736,58.8759469163
0.0140637377386,29.3769350933,58.5806786741
0.0142636527493,28.9729792154,58.2829577923
0.0144553329006,28.5719380823,57.9827411157
0.0146385395421,28.1739016743,57.679985489
0.0148130352552,27.7789599712,57.374647757
0.0149785851339,27.3872029533,57.0666847642
0.0151349580683,26.9987206005,56.7560533555
0.0152819280239,26.613602893,56.4427103755
0.0154192753073,26.2319398107,56.126612669
0.0155467878115,25.8538213339,55.8077170806
0.0156642622316,25.4793374426,55.4859804551
0.015771505242,25.1085781167,55.1613596372
0.0158683346278,24.7416333365,54.8338114715
0.0159545803595,24.378592265,54.503293175
0.0160300856056,24.019486549,54.1697881579
0.0160947076714,23.6642534202,53.8333228288
0.01614831886,23.3128213411,53.4939275896
0.0161908072455,22.9651187739,53.1516328424
0.0162220773528,22.6210741807,52.8064689894
0.0162420507386,22.2806160238,52.4584664327
0.016250666468,21.9436727655,52.1076555743
0.016247881482,21.6101728681,51.7540668165
0.016233670854,21.2800447937,51.3977305612
0.0162080279317,20.9532170046,51.0386772107
0.0161709643644,20.629617963,50.6769371669
0.0161225100136,20.3091761312,50.3125408321
0.0160627127506,19.9918199715,49.9455186083
0.0159916381406,19.677477946,49.5759008977
0.0159093690166,19.366078517,49.2037181023
0.015816004949,19.0575501468,48.8290006243
0.0157116616124,18.7518212976,48.4517788657
0.0155964700585,18.4488204316,48.0720832288
0.0154705758996,18.1484760111,47.6899441155
0.0153341384099,17.8507164983,47.305391928
0.0151873295534,17.5554703555,46.9184570684
0.0150303329452,17.2626660448,46.5291699388
0.014863342756,16.9722320287,46.1375609413
0.0146865625669,16.6840967692,45.7436604781
0.0145002041854,16.3981887286,45.3474989512
0.0143044864296,16.1144363692,44.9491067627
0.0140996338911,15.8327681532,44.5485143148
0.0138858756833,15.5531125429,44.1457520096
0.0136634441861,15.2753980005,43.7408502491
0.0134325737923,14.9995529882,43.3338394355
0.0131934996653,14.7255059683,42.9247499709
0.0129464565144,14.453185403,42.5136122574
0.0126916773942,14.1825197546,42.1004566971
0.0124293925349,13.9134374853,41.6853136922
0.0121598282075,13.6458670573,41.2682136446
0.0118832056304,13.379736933,40.8491869566
0.0115997399202,13.1149755745,40.4282640302
0.0113096390903,12.851511444,40.0054752676
0.0110131031016,12.5892730039,39.5808510708
0.0107103229652,12.3281887163,39.154421842
0.0104014799012,12.0681870435,38.7262179833
0.0100867445524,11.8091964478,38.2962698968
0.00976627625614,11.5511453914,37.8646079845
0.00944022237153,11.2939623365,37.4312626487
0.00910871766444,11.0375805671,36.9962642913
0.00877188374783,10.7820271203,36.5596433146
0.00842982857736,10.5274141472,36.1214301206
0.00808264600094,10.2738568879,35.6816551115
0.00773041536068,10.0214705821,35.2403486893
0.00741367111513,9.77037046994,34.7975412561
0.00717307834327,9.52067179125,34.3532632141
0.00700886336841,9.27248978599,33.9075449654
0.00692125380366,9.0259396941,33.4604169121
0.0069105410061,8.78113675553,33.0119094562
0.00697714022611,8.5381962102,32.562053
0.00712164897303,8.29723329807,32.1108779454
0.0073449041639,8.05836325906,31.6584146947
0.00764803865282,7.82170133313,31.2046936499
0.00803253775291,7.58736276019,30.7497452131
0.00850029636231,7.3554627802,30.2935997864
0.00905367728653,7.1261166331,29.8362877721
0.00969557130705,6.89943955881,29.377839572
0.0104294594724,6.67554679729,28.9182855885
0.0112594779714,6.45455358847,28.4576562235
0.0121904857734,6.23657517228,27.9959818792
0.0132281349616,6.02172678868,27.5332929576
0.0143789433182,5.81012367759,27.069619861
0.0156503681975,5.60188107895,26.6049929914
0.0170508799975,5.39711423271,26.1394427509
0.0185900325366,5.1959383788,25.6729995417
0.0202785262816,4.99846875716,25.2056937658
0.0221282585311,4.80482060773,24.7375558253
0.0241523522119,4.61510917045,24.2686161224
0.02636515173,4.42944968526,23.7989050591
0.0287821701514,4.2479573921,23.3284530376
0.0314199666965,4.0707475309,22.85729046
0.0342959269597,3.8979353416,22.3854477284
0.0374279103547,3.72963606415,21.9129552448
0.040833720161,3.56596493848,21.4398434115
0.0445303416918,3.40704413008,20.96614401
0.0485328845831,3.25363047637,20.4920152445
0.0527134478985,3.10761689526,20.0178416188
0.0569226812305,2.9710142972,19.5440311401
0.0611359013856,2.84583359266,19.0709918158
0.0653210459126,2.73408569209,18.5991316529
0.0694386938208,2.63778150597,18.1288586588
0.0734424665679,2.55893194474,17.6605808406
0.0772798987819,2.49954791888,17.1947062057
0.0808938431858,2.46164033884,16.7316427611
0.0842244309446,2.44722011508,16.2717985142
0.087211548052,2.45829815808,15.8155814721
0.0897977156615,2.49688537828,15.3633996422
0.0919311874308,2.56499268616,14.9156610315
0.0935690137516,2.66422558297,14.4727736474
0.0946797861519,2.79375819436,14.035145497
0.0952457775138,2.95186235448,13.6031845877
0.0952642406923,3.13680840978,13.1772989265
0.0947477157998,3.3468667067,12.7578965208
0.0937233112477,3.5803075917,12.3453853778
0.0922310451208,3.83540141123,11.9401735047
0.0903214393168,4.11041851174,11.5426689086
0.088052630873,4.40362923967,11.1532795969
0.0854872931636,4.71330394149,10.7724135768
0.0826896443979,5.03771296364,10.4004788555
0.0797227709574,5.37512665256,10.0378834402
0.0766464226188,5.72381535472,9.68503533816
0.0735153606654,6.08216858891,9.34229625243
0.0703782708524,6.44948567403,9.00967438528
0.0672771993224,6.82548535214,8.68701497303
0.0642474342078,7.20988860653,8.37416238118
0.0613177382113,7.60241642053,8.07096097521
0.0585108347709,8.00278977743,7.77725512061
0.0558440581871,8.41072966056,7.49288918288
0.0533557547233,8.82595705321,7.2177075275
0.0510679408619,9.2481929387,6.95155451997
0.04896974853,9.67715830035,6.69427452576
0.0470504136642,10.1125741214,6.44571191038
0.0452995112896,10.5541613853,6.2057110393
0.0437071227975,11.0016410752,5.97411627802
0.042263950821,11.4547341746,5.75077199203
0.0409613944452,11.9131616666,5.53552254682
0.0397915951126,12.3766445346,5.32821230788
0.0387474615425,12.844903762,5.1286856407
0.0378226802765,13.3176603319,4.93678691076
0.0370117170741,13.7946352278,4.75236048355
0.0363098132692,14.275549433,4.57525072457
0.0357129803275,14.7601239307,4.4053019993
0.0352179951823,15.2480797042,4.24235867324
0.0348223984255,15.7391377369,4.08626511187
0.0345244970791,16.2330190121,3.93686568068
0.0343233734307,16.7294445131,3.79400474517
0.0342189012727,17.2281352232,3.65752667081
0.034211770822,17.7288121257,3.5272758231
0.0343035235967,18.2311962039,3.40309656754
0.0344965985833,18.7350084412,3.2848332696
0.034794391132,19.2399698207,3.17233029478
0.0352013261541,19.7458009735,3.06544009977
0.0357229473617,20.2522104703,2.96429196767
0.0363660244622,20.7588921053,2.869354373
0.0371386803912,21.2655387698,2.78111651616
0.0380505407916,21.771843355,2.70006759751
0.0391129079948,22.2774987521,2.62669681744
0.0403389616521,22.7821978522,2.56149337633
0.0417439878078,23.2856335467,2.50494647455
0.0433456374479,23.7874987268,2.45754531248
0.0451445030975,24.2874862836,2.41977909051
0.0471285607104,24.7852891084,2.392137009
0.0492975646986,25.2806000924,2.37510826834
0.0516495114471,25.7731121269,2.36918206891
0.054179895698,26.262518103,2.37484761109
0.0568808834722,26.748510912,2.39259409525
0.0597404141471,27.230783445,2.42291072177
0.062741258885,27.7090285934,2.46628669103
0.0658600808969,28.1829392483,2.52321120342
0.0690665643794,28.652208301,2.5941734593
0.0723227017067,29.1165286427,2.67966265906
0.0755823495449,29.5755931645,2.78016800307
0.0787911794436,30.0290947578,2.89617869172
0.0818871513472,30.4767263137,3.02818392538
0.0848016230412,30.9181807234,3.17667290443
0.0874611694855,31.3531508782,3.34213482926
0.0897901209324,31.7813296694,3.52505890023
0.0917137405677,32.202409988,3.72593431773
0.0931618608293,32.6160847254,3.94525028213
0.0940726990505,33.0220467727,4.18349599382
0.0943964986525,33.4199207062,4.44095631047
0.0940986124485,33.809052312,4.71708217779
0.0931616739328,34.1887162683,5.01111184482
0.0915865928641,34.5581872534,5.32228356056
0.0893922505557,34.9167399455,5.649835574
0.0866139329615,35.2636490229,5.99300613413
0.0833006944971,35.5981891637,6.35103348995
0.0795119634031,35.9196350462,6.72315589044
0.0753137611969,36.2272613486,7.10861158459
0.0707749093492,36.5203427493,7.5066388214
0.065963544386,36.7981539263,7.91647584987
0.0610843032105,37.0599695579,8.33736091897
0.05632893083,37.3050643225,8.76853227771
0.051734596673,37.5328001293,9.20922817507
0.0473273906893,37.7434375205,9.65868686005
0.0431240351436,37.9377663151,10.1161465816
0.039133575269,38.1165831397,10.5808455888
0.0353589497649,38.2806846207,11.0520221306
0.0317983858416,38.4308673845,11.528914456
0.0284465958287,38.5679280577,12.0107608139
0.0252957743819,38.6926632666,12.4967994534
0.0223364089918,38.8058696378,12.9862686235
0.0195579238891,38.9083437978,13.4784065731
0.0169491804693,39.0008823729,13.9724515513
0.0144988575317,39.0842819896,14.467641807
0.0121957331233,39.1593392745,14.9632155892
0.010028887389,39.2268508539,15.4584111469
0.00798784311921,39.2876457499,15.9525030811
0.00606265797369,39.3429140045,16.4451711037
0.00424397984451,39.394071386,16.9363482202
0.00252307459901,39.4425371144,17.4259713099
0.000891833535042,39.4897304099,17.9139772519
-0.000657233710344,39.5370704926,18.4003029255
-0.00213101636317,39.5859765826,18.8848852096
-0.00353582644368,39.6378679002,19.3676609835
-0.00487742688367,39.6941636653,19.8485671264
-0.0061610619488,39.7562830981,20.3275405174
-0.00739148860026,39.8256454188,20.8045180357
-0.00857300782911,39.9036698475,21.2794365603
-0.00970949530128,39.9917756042,21.7522329706
-0.0108044308829,40.0913819092,22.2228441456
-0.0118609267885,40.2039079826,22.6912069644
-0.0128817542236,40.3307730444,23.1572583063
-0.0138693684864,40.4732167511,23.6209350504
-0.0148259325598,40.6310991782,24.0821740758
-0.0157533392713,40.8036409137,24.5409122618
-0.0166532321292,40.9900590467,24.9970864874
-0.0175270249602,41.1895706668,25.4506336318
-0.0183759204844,41.4013928632,25.9014905742
-0.0192009279639,41.6247427252,26.3495941937
-0.0200028800602,41.8588373424,26.7948813695
-0.020782449024,42.1028938038,27.2372889808
-0.0215401623352,42.3561291991,27.6767539067
-0.0222764178936,42.6177606173,28.1132130263
-0.0229914988473,42.8870051481,28.5466032188
-0.0236855881312,43.1630798805,28.9768613634
-0.0243587827666,43.4452019041,29.4039243392
-0.0250111079598,43.7325883081,29.8277290254
-0.0256425310175,44.024456182,30.2482123011
-0.0262529750789,44.320022615,30.6653110456
-0.0268423326518,44.6185269454,31.0789621378
-0.0274104789189,44.9196322964,31.4891024571
-0.0279572847727,45.2233818099,31.8956688825
-0.0284826295223,45.5298320905,32.2985982932
-0.0289864132064,45.8390397434,32.6978275685
-0.0294685684429,46.1510613733,33.0932935873
-0.0299290717376,46.4659535851,33.4849332289
-0.0303679541781,46.7837729837,33.8726833725
-0.03078531144,47.1045761739,34.2564808971
-0.0311813130371,47.4284197607,34.636262682
-0.03155621076,47.7553603489,35.0119656063
-0.0319103462565,48.0854545434,35.3835265492
-0.0322441577235,48.4187589491,35.7508823897
-0.032558185698,48.7553301708,36.1139700072
-0.0328530779529,49.0952248134,36.4727262807
-0.0331338507271,49.4384994819,36.8270880893
-0.0334034436889,49.785210781,37.1769923123
-0.0336594635278,50.1354153156,37.5223758289
-0.0338995144146,50.4891696907,37.863175518
-0.0341212114877,50.8465305111,38.199328259
-0.0343221958317,51.2075543817,38.5307709309
-0.0345001507219,51.5722979073,38.857440413
-0.0346528188682,51.9408176929,39.1792735843
-0.0347780203491,52.3131703433,39.496207324
-0.0348736708931,52.6894124634,39.8081785114
-0.0349378001343,53.069600658,40.1151240255
-0.0349685694482,53.4537915321,40.4169807455
-0.0349642889632,53.8420416905,40.7136855505
-0.0349234333428,54.2344077381,41.0051753198
-0.0348446559466,54.6309462797,41.2913869324
-0.0347268010021,55.0317139203,41.5722572676
-0.0345689134583,55.4367672647,41.8477232044
-0.0343702462372,55.8461629179,42.1177216221
-0.0341302646631,56.2599574846,42.3821893997
-0.0338486479102,56.6782075697,42.6410634165
-0.0335252873867,57.1009697782,42.8942805517
-0.0331602820457,57.5283007149,43.1417776842
-0.0327539306882,57.9602569847,43.3834916934
-0.0323067213991,58.3968951925,43.6193594584
-0.0318193183197,58.838238576,43.8493430118
-0.0312925460223,59.2841717986,44.0735088501
-0.0307273717993,59.734543555,44.2919505841
-0.0301248862165,60.1892025399,44.504761825
-0.0294862823071,60.647997448,44.7120361838
-0.0288128337919,61.1107769739,44.9138672716
-0.028105872713,61.5773898122,45.1103486994
-0.0273667668572,62.0476846577,45.3015740784
-0.0265968973208,62.5215102049,45.4876370195
-0.0257976365406,62.9987151485,45.6686311339
-0.0249703270744,63.4791481833,45.8446500325
-0.024116261379,63.9626580038,46.0157873265
-0.0232366627818,64.4490933046,46.182136627
-0.0223326678034,64.9383027806,46.3437915449
-0.021405309943,65.4301351262,46.5008456914
-0.0204555049951,65.9244390363,46.6533926775
-0.0194840379329,66.4210632053,46.8015261143
-0.0184915513598,66.919856328,46.9453396128
-0.0174785355049,67.4206670991,47.0849267841
-0.0164453197206,67.9233442132,47.2203812394
-0.0153920654273,68.4277363649,47.3517965895
-0.014318760446,68.933692249,47.4792664456
-0.0132252146628,69.44106056,47.6028844188
-0.0121110569802,69.9496899927,47.7227441202
-0.0109757335261,70.4594292416,47.8389391607
-0.00981850712136,70.9701270015,47.9515631514
-0.00863845803635,71.481631967,48.0607097035
-0.00743448611287,71.9937928327,48.166472428
-0.00620531437601,72.5064582933,48.2689449358
-0.00494949432195,73.0194770435,48.3682208382
-0.00366541313592,73.532697778,48.4643937462
-0.00235130317469,74.0459691913,48.5575572708
-0.00100525413731,74.5591399782,48.6478050231
0.000374771551441,75.0720588332,48.7352306142
0.00179091950903,75.5845744511,48.819927655
0.00324541955747,76.0965355266,48.9019897568
0.00474055639314,76.6077907542,48.9815105305
0.00627863374199,77.1181888286,49.0585835872
0.00786193084216,77.6275784445,49.133302538
0.00945371829244,78.1358082965,49.2057609939
0.0110170090982,78.6427270794,49.2760525677
0.0125535809753,79.1481834877,49.3443429909
0.0140651058764,79.6520262161,49.4110621091
0.0155531321728,80.1541039592,49.4767002132
0.0170190710077,80.6542654118,49.5417475939
0.0184641862788,81.1523592685,49.6066945418
0.0198895878029,81.6482342239,49.6720313477
0.021296227302,82.1417389728,49.7382483023
0.0226848969245,82.6327222096,49.8058356964
0.0240562300744,83.1210326292,49.8752838206
0.0254107043766,83.6065189261,49.9470829656
0.0267486466403,84.0890297951,50.0217234222
0.0280702397167,84.5684139308,50.0996954812
0.0293755311612,85.0445200277,50.1814894331
0.0306644436216,85.5171967807,50.2675955687
0.031936786874,85.9862928843,50.3585041787
0.0331922714188,86.4516570333,50.4547055539
0.0344305235353,86.9131379222,50.556689985
0.0356511016722,87.3705842457,50.6649477627
0.0368535140265,87.8238446985,50.7799691776
0.0380372371311,88.2727679753,50.9022445206
0.0392017352452,88.7172027706,51.0322640823
0.0403464803047,89.1569977792,51.1705181534
0.0414709721649,89.5920016957,51.3174970247
0.0425747588341,90.0220632148,51.4736909869
0.0436574563796,90.4470310311,51.6395903306
0.0447187681654,90.8667538392,51.8156853467
0.0457585030711,91.2810803339,52.0024663258
0.0467765923388,91.6898592098,52.2004235586
0.0477731046983,92.0929391615,52.4100473359
0.0487482594329,92.4901688838,52.6318279484
0.0496666021118,92.8813970712,52.8662556867
0.0504845324922,93.2664724184,53.1138208417
0.0511904103404,93.6452436202,53.3750137039
0.0517731418623,94.017559371,53.6503245642
0.0522224654016,94.383277201,53.9401545933
0.0525292291156,94.7423175464,54.2442704401
0.0526856477393,95.0946281288,54.5621635343
0.0526855255237,95.4401567801,54.8933241925
0.0525244333834,95.7788513321,55.2372427311
0.0521998302099,96.1106596168,55.5934094666
0.0517111210968,96.4355294659,55.9613147153
0.0510596486492,96.7534087114,56.3404487938
0.0502486173345,97.0642451852,56.7303020186
0.049282954615,97.3679867192,57.1303647061
0.0481691160537,97.6645811452,57.5401271728
0.0469148443981,97.9539762951,57.9590797351
0.0455288946004,98.2361200008,58.3867127094
0.0440207377142,98.5109600942,58.8225164124
0.042400256608,98.7784444071,59.2659811604
0.0406774455432,99.0385207715,59.7165972698
0.0388621240677,99.2911370192,60.1738550572
0.0369636735687,99.5362409821,60.6372448391
0.0349908024791,99.773780492,61.1062569318
0.032951343734,100.003703381,61.5803816518
0.0308520858412,100.225957481,62.0591093157
0.0286986369897,100.440490623,62.5419302398
0.0264953200734,100.64725064,63.0283347406
0.0242450953956,100.846185364,63.5178131347
0.0219495071494,101.037242626,64.0098557384
0.0196086495145,101.220370258,64.5039528682
0.0172211483471,101.395516093,64.9995948406
0.0147841549035,101.562627961,65.4962719721
0.0123729978942,101.721653696,65.993474579
0.0100597347626,101.872541128,66.490692978
0.00783566068631,102.015238089,66.9874174854
0.00569237949213,102.149692413,67.4831384177
0.00362190102494,102.27585193,67.9773460913
0.0016167111379,102.393664472,68.4695308228
-0.000330178655943,102.503309516,68.9592504526
-0.0022251962334,102.605940741,69.4463467975
-0.00407418417732,102.702967882,69.930736315
-0.00588238193895,102.795800677,70.4123354631
-0.0076544122782,102.885848865,70.8910606997
-0.00939427012744,102.974522183,71.3668284825
-0.011105312626,103.063230369,71.8395552695
-0.0127902495848,103.153383161,72.3091575186
-0.0144511340815,103.246390298,72.7755516877
-0.0160893532733,103.343661517,73.2386542345
-0.0177056198536,103.446606556,73.6983816171
-0.0192999648856,103.556635153,74.1546502932
-0.0208717330081,103.675157046,74.6073767208
-0.0224195812444,103.803581973,75.0564773578
-0.0239414828261,103.943319672,75.5018686619
-0.0254347375808,104.095779881,75.9434670911
-0.026895990501,104.262372338,76.3811891034
-0.0283212601016,104.44450678,76.8149511564
-0.0297059780753,104.64327262,77.2446697082
-0.0310450415459,104.858318861,77.6702612166
-0.0323328789019,105.08888981,78.0916421395
-0.0335635297553,105.334229755,78.5087289348
-0.0347307390153,105.593582982,78.9214380603
-0.0358280644175,105.866193777,79.329685974
-0.0368489961187,106.151306427,79.7333891336
-0.0377870861979,106.448165218,80.1324639971
-0.0386360851453,106.756014436,80.5268270224
-0.0393900817157,107.074098369,80.9163946673
-0.0400436419414,107.401661302,81.3010833897
-0.0405919426951,107.737947522,81.6808096476
-0.0410308950111,108.082201316,82.0554898987
-0.0413572524569,108.43366697,82.4250406009
-0.0415687002114,108.79158877,82.7893782122
-0.0416639211449,109.155211003,83.1484191904
-0.0416426360815,109.523777955,83.5020799934
-0.0415056165046,109.89653734,83.8502779151
-0.0412546691669,110.272980584,84.1929896972
-0.0408925933103,110.653000545,84.5302900026
-0.0404231123901,111.036527543,84.8622626312
-0.0398507832622,111.423491895,85.1889913827
-0.0391808866517,111.813823919,85.5105600569
-0.038419303329,112.207453931,85.8270524535
-0.0375723807537,112.60431225,86.1385523723
-0.0366467949917,113.004329194,86.4451436131
-0.0356494125049,113.40743508,86.7469099757
-0.0345871559738,113.813560225,87.0439352597
-0.0334668777113,114.222634948,87.3363032651
-0.0322952435062,114.634589566,87.6240977915
-0.0310786289575,115.049354397,87.9074026388
-0.0298230295892,115.466859758,88.1863016066
-0.0285339852993,115.887035967,88.4608784948
-0.0272165190437,116.309813342,88.7312171031
-0.0258750891042,116.7351222,88.9974012313
-0.0245135538487,117.162892859,89.2595146792
-0.0231351475693,117.593055637,89.5176412465
-0.0217424657674,118.025540851,89.771864733
-0.0203374581398,118.460278819,90.0222689385
-0.0189593635684,118.897199858,90.2689376627
-0.0176443917671,119.336234287,90.5119547055
-0.0163894401428,119.777312423,90.7514038665
-0.0151914119551,120.220364583,90.9873689455
-0.0140472538466,120.665321085,91.2199337423
-0.0129539848894,121.112112247,91.4491820568
-0.0119087185935,121.560668387,91.6751976885
-0.0109086791297,122.010919821,91.8980644374
-0.00995121284085,122.462796869,92.1178661032
-0.00903379595595,122.916229847,92.3346864856
-0.00815403927573,123.371149073,92.5486093844
-0.00730969047199,123.827484865,92.7597185994
-0.00649863453366,124.28516754,92.9680979304
-0.00571889279766,124.744127416,93.1738311771
-0.00496862092249,125.204294811,93.3770021393
-0.00424610609436,125.665600042,93.5776946167
-0.00354976369828,126.127973427,93.7759924092
-0.00287813363874,126.591345284,93.9719793164
-0.00222987645499,127.05564593,94.1657429247
-0.00160376934221,127.520805683,94.3574054879
-0.000998702163459,127.986754861,94.5471078625
-0.000413673513815,128.453423781,94.7349910827
0.000152213119418,128.920742761,94.9211961826
0.000699753072349,129.388642118,95.1058641965
0.0012296440798,129.857052171,95.2891361585
0.00174248970422,130.325903236,95.4711531027
0.0022388026202,130.795125632,95.6520560634
0.00271900776302,131.264649676,95.8319860746
0.00318344535489,131.734405686,96.0110841707
0.00363237382639,132.20432398,96.1894913857
0.0040659726538,132.674334874,96.3673487538
0.00448434513531,133.144368688,96.5447973092
0.00488752113042,133.614355737,96.7219780861
0.0052754597879,134.084226341,96.8990321186
0.00564805228796,134.553910817,97.0761004409
0.00600512462409,135.023339481,97.2533240872
0.00634644044915,135.492442653,97.4308440916
0.00667170400929,135.96115065,97.6088014884
0.00698056318764,136.429393789,97.7873373116
0.00727261267743,136.897102388,97.9665925955
0.007547397302,137.364206764,98.1467083742
0.00780441549606,137.830637236,98.3278256819
0.00804312295956,138.296324121,98.5100855528
0.00826293649194,138.761197736,98.693629021
0.00846323801065,139.225188399,98.8785971207
0.00864337875423,139.688226429,99.0651308861
0.00880268366562,140.150242142,99.2533713514
0.00894045594791,140.611165856,99.4434595507
0.00905598178001,141.070927889,99.6355365181
0.00914853517634,141.529458558,99.829743288
0.00921738297062,141.986688182,100.026220894
0.00926178990073,142.442547077,100.225110371
0.00928102376856,142.896965562,100.426552753
0.00927436064688,143.349873954,100.630689074
0.00924109010329,143.801202571,100.837660369
0.00918052041062,144.25088173,101.04760767
0.00909198371352,144.698841749,101.260672013
0.0089748411213,145.145012946,101.476994432
0.00882848769957,145.589325638,101.696715961
0.0086523573357,146.031710143,101.919977634
0.00844592745706,146.472096779,102.146920485
0.00820872358561,146.910415863,102.377685548
0.00794032371787,147.346598295,102.612412728
0.00764036252554,147.780623051,102.851148559
0.00732734925293,148.212552383,103.093777851
0.00702013927116,148.642456834,103.340169304
0.00671893626464,149.070406948,103.590191622
0.00642395016113,149.496473272,103.843713505
0.00613539667187,149.920726348,104.100603657
0.00585349668446,150.343236722,104.360730777
0.00557847550932,150.764074939,104.623963569
0.00531056198115,151.183311542,104.890170734
0.0050499874184,151.601017076,105.159220974
0.00479698444503,152.017262086,105.43098299
0.00455178568026,152.432117117,105.705325484
0.00431462230368,152.845652712,105.982117158
0.00408572250471,153.257939417,106.261226715
0.00386530982719,153.669047776,106.542522855
0.00365360142159,154.079048334,106.82587428
0.00345080621921,154.488011634,107.111149692
0.00325712304432,154.896008223,107.398217794
0.003072738682,155.303108643,107.686947286
0.00289782592099,155.709383441,107.977206871
0.00273254159215,156.114903159,108.268865249
0.00257702462454,156.519738344,108.561791124
0.00243139414193,156.923959539,108.855853197
0.00229574762323,157.327637289,109.15092017
0.00217015915104,157.730842138,109.446860743
0.00205467777208,158.133644632,109.74354362
0.00194932599324,158.536115314,110.040837502
0.00185409843635,158.93832473,110.338611091
0.00176896067319,159.340343423,110.636733088
0.00169384826138,159.742241938,110.935072195
0.00162866599924,160.14409082,111.233497115
0.00157328741585,160.545960614,111.531876548
0.00152755450964,160.947921863,111.830079197
0.00151898577533,161.350045113,112.127973763
0.00157421897759,161.752400908,112.425428948
0.00169163209285,162.155059793,112.722313454
0.00186950631841,162.558092312,113.018495983
0.00210609925467,162.961569009,113.313845236
0.00239971219871,163.36556043,113.608229916
0.00274875136278,163.770137118,113.901518724
0.00315178307867,164.175369619,114.193580361
0.00360758325339,164.581328476,114.48428353
0.00411518150168,164.988073108,114.773513047
0.00467390050008,165.395503396,115.061384756
0.00528339118664,165.803399883,115.348187325
0.00594366447425,166.211540233,115.634213588
0.00665512015581,166.619702114,115.919756378
0.0074185736592,167.027663191,116.205108528
0.00823528126064,167.435201129,116.490562871
0.00910696428635,167.842093594,116.776412239
0.0100358327231,168.248118251,117.062949467
0.0110246085144,168.653052768,117.350467387
0.0120765486355,169.056674808,117.639258832
0.0131954678029,169.458762038,117.929616635
0.0143857603786,169.859092124,118.22183363
0.0156524206469,170.257442731,118.51620265
0.0170010601596,170.653591525,118.813016526
0.0184379202274,171.047316172,119.112568094
0.0199698768571,171.438394338,119.415150185
0.0216044344414,171.826603687,119.721055634
0.0233497032706,172.211721886,120.030577272
0.0252143543968,172.593526601,120.344007933
0.0272075434927,172.971795498,120.66164045
0.0293387930913,173.346306241,120.983767656
0.0316178199395,173.716836496,121.310682385
0.0339534481308,174.083163931,121.642677469
0.0362494848974,174.445066209,121.980045742
0.0385072112896,174.802320997,122.323080036
0.0407267779125,175.15470596,122.672073184
0.0429073303248,175.501998765,123.027318021
0.0450471462028,175.843977077,123.389107378
0.0471437861647,176.180418561,123.757734089
0.0491942593355,176.511100884,124.133490986
0.0511952037403,176.83580171,124.516670904
0.0531430805014,177.154298707,124.907566676
0.0550343796485,177.466369539,125.306471133
0.0568658342093,177.771749483,125.713645582
0.0586346382243,178.06953085,126.12887311
0.0603386635251,178.358306508,126.551565335
0.0619766696081,178.636656212,126.981124121
0.0635485008095,178.903159721,127.416951336
0.065055265275,179.156396792,127.858448846
0.0664994909295,179.394947182,128.305018516
0.0678852547545,179.617390647,128.756062213
0.0692182830906,179.822306946,129.210981803
0.0705060222938,180.008275836,129.669179151
0.0717576807462,180.173877073,130.130056126
0.0729842447962,180.317690415,130.593014591
0.0741984725439,180.438295619,131.057456414
0.0754148703376,180.534272443,131.522783461
0.0766496572981,180.604257433,131.988397598
0.0779207230401,180.647985256,132.453700691
0.0792475829288,180.666184218,132.918094606
0.0806513336229,180.659618452,133.380981209
0.0821546092322,180.629052092,133.841762367
0.0837815350365,180.575249271,134.299839945
0.0855576712207,180.498974124,134.754615811
0.0874682739145,180.400990785,135.205491829
0.0894562549403,180.282063386,135.651869867
0.0914821560889,180.142956062,136.093151789
0.0935032025374,179.984432947,136.528739464
0.0954736345907,179.807258174,136.958034756
0.0973453715461,179.612195877,137.380439531
0.099069021679,179.400004973,137.795357792
0.100595224404,179.171226437,138.202282741
0.101876275641,178.92610902,138.600827187
0.10286794903,178.664881002,138.990612315
0.103531389521,178.387770665,139.371259313
0.103834928645,178.095006287,139.742389366
0.10375565911,177.78681615,140.103623663
0.103280614912,177.463428533,140.454583388
0.102407433338,177.125071717,140.794889729
0.101144424273,176.771973982,141.124163872
0.0995100332121,176.404363608,141.442027004
0.0975317477578,176.022468876,141.748100312
0.0952445529575,175.626518065,142.042004981
0.0926890801445,175.216761066,142.323362199
0.0899096120973,174.793877465,142.591793153
0.0869521037236,174.358942153,142.846919028
0.0838623554686,173.913044737,143.088361011
0.0806844422497,173.457274828,143.315740289
0.0774594609228,172.992722032,143.528678049
0.0742246205023,172.52047596,143.726795476
0.0710126663639,172.04162622,143.909713759
0.0678516051528,171.55726242,144.077054082
0.064764681837,171.068474169,144.228437633
0.0617705535081,170.576351076,144.363485599
0.0588836044667,170.081982749,144.481819165
0.0561143517962,169.586458798,144.583059519
0.0535476188916,169.09086883,144.666827847
0.0512445967038,168.596223748,144.732808494
0.0491793133759,168.102875841,144.781214302
0.0473279182564,167.610849169,144.812521502
0.0456686104996,167.120165386,144.827208253
0.0441815110421,166.630846147,144.825752714
0.0428485032027,166.142913108,144.808633044
0.0416530590407,165.656387923,144.776327401
0.0405800628204,165.171292248,144.729313945
0.0396156388715,164.687647737,144.668070835
0.0387469883445,164.205476047,144.593076229
0.0379622374794,163.72479883,144.504808288
0.0372502987756,163.245637744,144.403745169
0.0366007456769,162.768014442,144.290365032
0.0360037009193,162.291950581,144.165146036
0.035449738442,161.817467814,144.028566339
0.0349297986458,161.344587797,143.881104102
0.0344351167567,160.873332184,143.723237482
0.0339571640689,160.403722632,143.555444639
0.0334876018824,159.935780795,143.378203731
0.0330182479858,159.469528328,143.191992919
0.0325410555598,159.004986886,142.99729036
0.0320481043782,158.542178125,142.794574214
0.0315316041495,158.081123698,142.58432264
0.0309839097856,157.621845262,142.367013796
0.0303975482855,157.164364471,142.143125843
0.0297652568002,156.708702981,141.913136938
0.0290800312998,156.254882446,141.677525241
0.0283351850981,155.802924521,141.436768911
0.0275244163223,155.352850862,141.191346106
0.0266418832499,154.904683123,140.941734986
0.0256822862805,154.45844296,140.688413711
0.0246631849314,154.014152028,140.431860437
0.0236065009486,153.571831981,140.172553326
0.0225139259738,153.131504475,139.910970535
0.0213871310398,152.693191164,139.647590225
0.020227760626,152.256905057,139.38287192
0.0190374293412,151.822568089,139.117078909
0.017817721284,151.390047636,138.850356922
0.0165701921054,150.959210337,138.582850097
0.0152963737589,150.529922833,138.314702576
0.0139977819039,150.102051761,138.046058495
0.0126759258943,149.67546376,137.777061997
0.0113323212634,149.250025471,137.507857218
0.00996850458493,148.825603531,137.2385883
0.00858605056215,148.40206458,136.96939938
0.00718659116101,147.979275257,136.7004346
0.00577183656631,147.557102201,136.431838097
0.00434359769156,147.135412051,136.163754012
0.00290380992044,146.714071446,135.896326483
0.00145455769479,146.292947025,135.62969965
-1.90050772265e-06,145.871905427,135.364017653
-0.001463107343,145.450813291,135.099424631
-0.00292638254178,145.029537256,134.836064723
-0.00438880034095,144.607943962,134.574082068
-0.00584716921841,144.185900047,134.313620806
-0.00729801483848,143.76327215,134.054825077
-0.00873756719961,143.33992691,133.797839019
-0.0101617530455,142.915730967,133.542806772
-0.0115661946451,142.490550959,133.289872476
-0.0129462160569,142.064253525,133.039180269
-0.0142968579581,141.636705305,132.790874292
-0.0156129020267,141.207772938,132.545098683
-0.0168692440017,140.777323062,132.301997582
-0.0180464381313,140.345222317,132.061715128
-0.0191484950795,139.911337341,131.82439546
-0.0201804969853,139.475534774,131.590182719
-0.0211484218502,139.037681255,131.359221043
-0.0220589845517,138.597643422,131.131654572
-0.0229194971827,138.155287916,130.907627444
-0.0237377504363,137.710481374,130.6872838
-0.0245219169485,137.263090436,130.470767779
-0.0252804768775,136.812981741,130.25822352
-0.0260221655327,136.360021928,130.049795163
-0.0267559425458,135.904077665,129.84562688
-0.0274909818852,135.445075775,129.645932344
-0.0282366819336,134.98313001,129.451141195
-0.0290026948601,134.518390325,129.261724897
-0.0297989745875,134.051006672,129.078154916
-0.0306358427737,133.581129006,128.900902717
-0.0315240723577,133.10890728,128.730439764
-0.0324749883311,132.634491449,128.567237523
-0.0335005854558,132.158031466,128.411767459
-0.0346136626011,131.679677285,128.264501036
-0.0358279731496,131.19957886,128.12590972
-0.037158390432,130.717886144,127.996464976
-0.038621086268,130.234749092,127.876638269
-0.0402337192306,129.750317657,127.766901063
-0.0420156269676,129.264741793,127.667724824
-0.0439880134744,128.778171454,127.579581017
-0.0461741171476,128.290756594,127.502941107
-0.0485993381688,127.802647166,127.438276558
-0.0512912934937,127.313993125,127.386058837
-0.0542797535325,126.824944425,127.346759407
-0.057596395447,126.335651018,127.320849735
-0.0611264758731,125.846262859,127.308801284
-0.064722649826,125.356929902,127.31108552
-0.0683640516353,124.867802101,127.328173908
-0.0720233234657,124.379029408,127.360537913
-0.0756666936905,123.89076178,127.408649001
-0.0792543772675,123.403149168,127.472978635
-0.0827413778158,122.916341527,127.553998281
-0.0860787468924,122.430488811,127.652179404
-0.0892153164722,121.945740973,127.767993469
-0.0920998671091,121.462372164,127.901821172
-0.0946836317382,120.98140823,128.053493827
-0.0969229725332,120.504156365,128.222637124
-0.0987820174781,120.031924252,128.408876395
-0.100235016625,119.566019575,128.611836972
-0.101268184862,119.10775002,128.831144187
-0.101880841842,118.658423271,129.06642337
-0.10208573599,118.219347011,129.317299854
-0.101908535999,117.791828926,129.58339897
-0.101386572724,117.3771767,129.864346049
-0.100566999127,116.976698017,130.159766423
-0.0995045920656,116.591700562,130.469285424
-0.0982594405396,116.223492018,130.792528383
-0.0968947518629,115.873380072,131.129120632
-0.095474968021,115.542672406,131.478687502
-0.0940643307896,115.232676705,131.840854325
-0.0927259780205,114.944700654,132.215246432
-0.0915216047515,114.680051937,132.601489156
-0.0905116878549,114.440038239,132.999207826
-0.0897562546642,114.225967243,133.408027776
-0.0893161743875,114.039146635,133.827574337
-0.0892549643489,113.880866076,134.257463934
-0.0896411287254,113.751616304,134.69691825
-0.0905703252658,113.650789501,135.144616172
-0.0920555386308,113.577697986,135.599197126
-0.0940470770812,113.531654078,136.059300541
-0.0964929311283,113.511970093,136.523565843
-0.0993352581863,113.517958353,136.990632461
-0.102506985868,113.548931175,137.459139821
-0.105928723906,113.604200877,137.927727351
-0.109506278703,113.683079779,138.395034478
-0.113129165173,113.784880199,138.85970063
-0.116670580056,113.908914456,139.320365233
-0.119989302466,114.054494868,139.775667716
-0.12293388119,114.220933755,140.224247506
-0.125349225852,114.407543434,140.66474403
-0.127085342106,114.613636224,141.095796715
-0.128007488832,114.838524444,141.516044989
-0.128006589999,115.081520414,141.924128279
-0.127008441241,115.34193645,142.318686013
-0.12498023735,115.619084873,142.698357618
-0.12193327247,115.912278,143.061782521
-0.117921284478,116.22082815,143.407847457
-0.113034679023,116.544047642,143.736892768
-0.107391572161,116.881248795,144.049788166
-0.10112705067,117.231743927,144.347404125
-0.094382171467,117.594845357,144.630611118
-0.0872940240959,117.969865404,144.900279621
-0.0799877689713,118.356116386,145.157280108
-0.0725710799252,118.752910621,145.402483053
-0.0651309858314,119.15956043,145.63675893
-0.0577327970521,119.575378129,145.860978215
-0.0504206390748,119.999676038,146.07601138
-0.0432190793014,120.431766476,146.282728901
-0.0361353853781,120.87096176,146.482001252
-0.0294651790774,121.316574211,146.674698907
-0.0234597801645,121.767916146,146.86169234
-0.0180500231526,122.224299883,147.043852027
-0.0131710237717,122.685037743,147.222048441
-0.00876387779445,123.149442043,147.397152056
-0.00477637693764,123.616825102,147.570033347
-0.00116311147533,124.086499239,147.741562789
0.00211479021727,124.557776772,147.912610856
0.00509012157222,125.02997002,148.084048021
0.00779015388589,125.502391301,148.25674476
0.010237225863,125.974352935,148.431571546
0.0124493305288,126.44516724,148.609398855
0.0144406801243,126.914146535,148.79109716
0.0162222396687,127.380603137,148.977536936
0.0178022255006,127.843849367,149.169588656
0.0191865678517,128.303197542,149.368122797
0.0203793374424,128.758063659,149.573876215
0.0213831359618,129.208426732,149.786860178
0.0221994496415,129.65445598,150.00684082
0.0228289643207,130.096320772,150.233584085
0.0232718396957,130.534190478,150.466855917
0.023527940031,130.968234466,150.706422259
0.0235970185789,131.398622105,150.952049056
0.0234788533611,131.825522765,151.20350225
0.0231733327822,132.249105813,151.460547786
0.0226804907166,132.66954062,151.722951606
0.0220004921244,133.086996553,151.990479655
0.0211335717998,133.501642983,152.262897877
0.0200799304076,133.913649277,152.539972214
0.01883959342,134.323184804,152.821468611
0.0174122398621,134.730418935,153.107153012
0.0159162394762,135.135521036,153.396791359
0.014469114262,135.538660478,153.690149596
0.0130687858177,135.94000663,153.986993668
0.0117130800069,136.339728859,154.287089518
0.0103997840494,136.737996536,154.590203089
0.0091266940118,137.134979029,154.896100325
0.00789165412187,137.530845707,155.20454717
0.00669258919255,137.925765939,155.515309568
0.00552753128678,138.319909094,155.828153461
0.00439464160655,138.71344454,156.142844794
0.00329222844437,139.106541647,156.459149511
0.00221876190034,139.499369784,156.776833554
0.00117288594334,139.892098319,157.095662868
0.000153428281962,140.284896622,157.415403396
-0.000840591591219,140.677934061,157.735821083
-0.00180995590929,141.071380005,158.056681871
-0.00275524350273,141.465403824,158.377751704
-0.00367682591253,141.860174885,158.698796526
-0.0045748646863,142.255862559,159.01958228
-0.00544930985289,142.652636214,159.339874911
-0.00629989961653,143.050665218,159.659440361
-0.00712616134905,143.450118941,159.978044575
-0.0079274139884,143.851166752,160.295453496
-0.00870277197254,144.25397802,160.611433068
-0.0094511508505,144.658722113,160.925749234
-0.0101712747158,145.065568401,161.238167938
-0.0108616856018,145.474685051,161.548455495
-0.0115207549627,145.886156711,161.856404028
-0.0121466973396,146.299931481,162.161847856
-0.0127375862753,146.715944852,162.464625195
-0.013291372497,147.13413231,162.76457426
-0.0138059043364,147.554429344,163.061533268
-0.0142789502935,147.976771443,163.355340433
-0.0147082235879,148.401094094,163.645833972
-0.0150914084717,148.827332787,163.932852102
-0.0154261880117,149.255423008,164.216233036
-0.0157102729776,149.685300246,164.495814993
-0.0159414314178,150.11689999,164.771436186
-0.0161175184478,150.550157728,165.042934833
-0.0162365057385,150.985008948,165.310149149
-0.0162965101681,151.421389138,165.57291735
-0.0162958210909,151.859233786,165.831077651
-0.0162329256932,152.298478381,166.084468269
-0.0161065319348,152.739058411,166.33292742
-0.0159155886308,153.180909365,166.576293318
-0.0156593022965,153.623966729,166.814404181
-0.0153371504714,154.068165994,167.047098224
-0.0149488913346,154.513442646,167.274213663
-0.0144945695424,154.959732174,167.495588714
-0.0139745183301,155.406970067,167.711061592
-0.0133893580403,155.855091812,167.920489086
-0.0127399913536,156.304032898,168.124059613
-0.0120275955975,156.753728813,168.322247486
-0.0112536126018,157.204115046,168.515536384
-0.0104197366393,157.655127084,168.704409983
-0.0095279010446,158.106700416,168.889351961
-0.00858026413058,158.55877053,169.070845996
-0.00757919503463,159.011272914,169.249375765
-0.0065272601069,159.464143056,169.425424946
-0.00542721041828,159.917316446,169.599477216
-0.00428197090671,160.37072857,169.772016253
-0.00309463160363,160.824314918,169.943525734
-0.00186844128843,161.278010976,170.114489337
-0.000606803810187,161.731752235,170.28539074
0.000630430955802,162.185474181,170.456713619
0.00178517968842,162.639112304,170.628941653
0.00285700399077,163.092602091,170.802558518
0.00384598858017,163.545879031,170.978047893
0.00475268068766,163.998878611,171.155893456
0.00557803403934,164.451536321,171.336578882
0.00632335705715,164.903787648,171.520587851
0.00699026487002,165.35556808,171.708404039
0.00758063472139,165.806813106,171.900511125
0.00809656438242,166.257458215,172.097392785
0.00854033322227,166.707442827,172.299498289
0.00891436563931,167.156750922,172.506887168
0.00922119661224,167.605394676,172.719372302
0.00946343918386,168.053386714,172.936762667
0.00964375373839,168.500739658,173.158867242
0.00976481897261,168.94746613,173.385495004
0.00982930449208,169.393578756,173.61645493
0.00983984498355,169.839090156,173.851555998
0.00979901592531,170.284012956,174.090607185
0.00970931079867,170.728359777,174.333417469
0.00957311975669,171.172143243,174.579795828
0.00939270969284,171.615375978,174.829551239
0.00917020563289,172.058070604,175.082492679
0.00890757335015,172.500239744,175.338429127
0.00860660307766,172.941896021,175.597169559
0.00826889416289,173.38305206,175.858522953
0.0078958404808,173.823720483,176.122298287
0.00748861639154,174.263913912,176.388304538
0.00704816299895,174.703644972,176.656350684
0.00657517443573,175.142926285,176.926245702
0.00607008387103,175.581770475,177.197798571
0.00553304890534,176.020190164,177.470818266
0.00496393598568,176.458197976,177.745113767
0.00436230344063,176.895806535,178.020494049
0.00372738269899,177.333028462,178.296768092
0.00305805721667,177.769876382,178.573744872
0.00235283859406,178.206362917,178.851233368
0.00160983931836,178.642500691,179.129042556
0.000826741513809,179.078302326,179.406981414
7.61025137742e-07,179.513780447,179.68485892
-0.000871393901227,179.948947675,179.96248405
-0.00179357013865,180.383816635,180.239665784
-0.00277022426933,180.818399949,180.516213098
-0.00380648516659,181.252710241,180.791934969
-0.00490822554517,181.686760133,181.066640376
-0.00608214348125,182.12056225,181.340138296
-0.0073358548913,182.554129213,181.612237706
-0.00867799788282,182.987473646,181.882747584
-0.010118349715,183.420608173,182.151476908
-0.0116679567819,183.853545422,182.418234615
-0.0133392774826,184.286316004,182.682711081
-0.0151463369733,184.719008237,182.944216169
-0.017104891458,185.151721992,183.201983565
-0.019232597685,185.584557141,183.455246955
-0.0215491804019,186.017613554,183.703240026
-0.0240765863486,186.450991104,183.945196464
-0.0268391074774,186.88478966,184.180349954
-0.0298634479157,187.319109095,184.407934183
-0.0331786980698,187.75404928,184.627182837
-0.0368161644299,188.189710086,184.837329602
-0.0408089843957,188.626191384,185.037608164
-0.0451914313033,189.063593046,185.227252209
-0.0499977860441,189.502014942,185.405495424
-0.0551146136261,189.941556945,185.571571494
-0.0604025101192,190.382318925,185.724714105
-0.0658495739581,190.824400753,185.864156945
-0.0714345282094,191.267902301,185.989133698
-0.0771255559772,191.71292344,186.09887805
-0.082879380438,192.159564041,186.192623689
-0.088640771671,192.607923976,186.2696043
-0.0943426838624,193.058103115,186.32905357
-0.0999072247679,193.510201331,186.370205183
-0.105247623378,193.964318494,186.392292827
-0.110271283208,194.420554475,186.394550187
-0.114883886228,194.879009146,186.37621095
-0.118994355961,195.339782378,186.336508802
-0.122520320579,195.802954372,186.274693285
-0.125393572143,196.267901316,186.19058144
-0.127564934607,196.733118501,186.084700394
-0.129007962336,197.197045609,185.957622098
-0.129721005006,197.658122325,185.809918503
-0.129727380334,198.11478833,185.642161559
-0.12907365397,198.56548331,185.454923219
-0.127826281988,199.008646945,185.248775432
-0.126067072484,199.442718921,185.02429015
-0.123888032058,199.866138921,184.782039324
-0.121386169236,200.277346627,184.522594904
-0.118658744242,200.674781723,184.246528842
-0.11579931447,201.056883892,183.954413089
-0.112894764389,201.422092817,183.646819594
-0.110023359647,201.768848183,183.324320311
-0.107253748906,202.095589671,182.987487188
-0.104644761885,202.400756966,182.636892178
-0.102245816586,202.68278975,182.273107231
-0.100097744636,202.940127708,181.896704298
-0.0980871541141,203.171210521,181.50825533
-0.0960437160939,203.374477874,181.108332278
-0.0939246808559,203.54839215,180.697507093
-0.0916970730632,203.692541323,180.276351727
-0.0893371752418,203.80813419,179.845438129
-0.0868299282885,203.896505442,179.405338251
-0.0841681926897,203.958989766,178.956624043
-0.0813518469751,203.996921853,178.499867458
-0.0783867301006,204.011636391,178.035640445
-0.0752834592084,204.00446807,177.564514955
-0.0720561714019,203.976751579,177.08706294
-0.0687212466591,203.929821608,176.603856351
-0.065296068937,203.865012844,176.115467138
-0.0617978751718,203.783659979,175.622467253
-0.0582427293389,203.687097701,175.125428645
-0.0546446434401,203.576660699,174.624923267
-0.0510148515269,203.453683663,174.12152307
-0.0473612285014,203.319501281,173.615800003
-0.0436878336554,203.175448244,173.108326019
-0.0399945502436,203.02285924,172.599673067
-0.0362767868299,202.863068959,172.0904131
-0.0325252032767,202.697412089,171.581118067
-0.0287254234993,202.527223321,171.072359921
-0.0248576978999,202.353837343,170.564710611
-0.0208964803611,202.178588845,170.058742089
-0.0168098877949,202.002811502,169.555024109
-0.012559015071,201.827764579,169.053965157
-0.00809708606721,201.654583433,168.555705174
-0.00336843525484,201.48439169,168.060358683
0.0016926617876,201.318312979,167.568040208
0.0071632487754,201.157470927,167.078864271
0.0131329085436,201.002989162,166.592945396
0.0193855789035,200.855991311,166.110398105
0.0256827863814,200.717601003,165.631336923
0.0320848615734,200.588941865,165.155876372
0.0386437976914,200.471137525,164.684130975
0.0454018488325,200.36531161,164.216215255
0.0523895753573,200.272587748,163.752243736
0.059623308845,200.194089566,163.29233094
0.0671020928494,200.130940694,162.836591391
0.0748042720341,200.084264757,162.385139612
0.0826840551572,200.055185384,161.938090126
0.0906685589868,200.044826203,161.495557457
0.0986560243512,200.054310841,161.057656126
0.106516032434,200.084762927,160.624500658
0.11409256741,200.137306087,160.196205576
0.121210590929,200.213063949,159.772885402
0.127686357666,200.313160141,159.354654661
0.133341016966,200.438718291,158.941627874
0.138016223069,200.590862027,158.533919565
0.141589730568,200.770596167,158.131695345
0.143988550386,200.977479617,157.735742561
0.145197399398,201.210106727,157.347263318
0.145260941,201.467054286,156.96746727
0.144279508658,201.74689908,156.597564072
0.142399281203,202.0482179,156.238763379
0.139798858232,202.369587533,155.892274846
0.136674613759,202.709584767,155.559308129
0.133227047496,203.066786391,155.241072881
0.129649761533,203.439769192,154.938778759
0.126121916764,203.82710996,154.653635417
0.122804303448,204.227385482,154.386852511
0.119838641001,204.639172546,154.139639694
0.117349447915,205.061047941,153.913206623
0.11543059111,205.491588455,153.708762952
0.114027251896,205.929370876,153.527518336
0.113035667253,206.372971993,153.370682431
0.112358102032,206.820968594,153.239464891
0.111901534786,207.271937467,153.135075371
0.111576903122,207.7244554,153.058723526
0.111298950864,208.177099181,153.011619012
0.11098667266,208.628496862,152.994872562
0.11056430196,209.077954251,153.008287029
0.109962734952,209.525256708,153.05073988
0.109121230289,209.970199717,153.121089036
0.107989180381,210.412578763,153.218192422
0.106527724531,210.852189331,153.340907962
0.104710975855,211.288826906,153.488093578
0.102526667503,211.722286971,153.658607195
0.0999760874626,212.152365013,153.851306736
0.0970732565478,212.578856515,154.065050125
0.0938433969485,213.001556963,154.298695285
0.0903208226888,213.420261841,154.55110014
0.0865464442173,213.834766634,154.821122613
0.0825651082554,214.244866827,155.107620628
0.0784229893065,214.650357905,155.40945211
0.0741652160062,215.051035352,155.72547498
0.0698338635264,215.446694653,156.054547163
0.0654663838981,215.837131292,156.395526583
0.0610944896458,216.222140756,156.747271163
0.056743459771,216.601518527,157.108638826
0.0524318045506,216.975060092,157.478487497
0.0481712071953,217.342560935,157.855675099
0.0439666542092,217.70381654,158.239059555
0.0398166691281,218.058622393,158.627498789
0.0357135727607,218.406773978,159.019850724
0.0318422124385,218.748069506,159.414980719
0.0283633851728,219.082464625,159.812183317
0.0252324719675,219.410155517,160.211408792
0.022409814837,219.731358652,160.612662726
0.0198606172555,220.046290502,161.015950702
0.0175546826707,220.355167538,161.421278304
0.0154660749839,220.65820623,161.828651113
0.0135727533505,220.95562305,162.238074714
0.0118562123533,221.247634469,162.649554688
0.0103011445009,221.534456957,163.063096619
0.00889513283377,221.816306985,163.478706089
0.00762837555678,222.093401026,163.896388683
0.00649344092356,222.365955549,164.316149981
0.00548504830631,222.634187025,164.737995568
0.0045998699821,222.898311926,165.161931025
0.00383634731939,223.158546723,165.587961937
0.00319451455295,223.415107886,166.016093886
0.00267582307349,223.668211886,166.446332454
0.00228295907464,223.918075195,166.878683225
0.00201964748253,224.164914284,167.313151782
0.00189043536169,224.408945623,167.749743707
0.00190044848798,224.650385684,168.188464583
0.00205511556329,224.889450938,168.629319994
0.00235985568746,225.126357854,169.072315522
0.00281972627695,225.361322906,169.517456749
0.00343903070269,225.594562562,169.96474926
0.0042208875834,225.826293296,170.414198636
0.00516676697033,226.056731576,170.865810461
0.00627600262584,226.286093876,171.319590317
0.00754529421206,226.514596664,171.775543788
0.00896821838352,226.742456413,172.233676456
0.0105347733255,226.969889594,172.693993904
0.0121309061732,227.197112677,173.156501715
0.0136462242808,227.424342133,173.621205472
0.0150752874889,227.651794434,174.088110758
0.0164152263474,227.87968605,174.557223155
0.0176655759408,228.108233453,175.028548248
0.0188280669746,228.337653113,175.502091617
0.0199063904764,228.568134601,175.977850393
0.0209059511656,228.799446809,176.455689498
0.0218336227555,229.031025242,176.935369082
0.0226975163926,229.262296259,177.416646421
0.0235067713036,229.492686219,177.899278789
0.0242713746685,229.721621479,178.383023463
0.0250020158969,229.9485284,178.867637717
0.0257099789436,230.172833339,179.352878827
0.0264070751182,230.393962655,179.838504068
0.0271056180533,230.611342708,180.324270716
0.0278184421107,230.824399855,180.809936045
0.0285589655269,231.032560455,181.295257332
0.0293413000142,231.235250867,181.779991852
0.0301804093446,231.43189745,182.26389688
0.0310923206354,231.621926563,182.746729691
0.0320943936422,231.804764563,183.228247561
0.0332056553463,231.979837811,183.708207765
0.0344472095196,232.146572664,184.186367579
0.0358427337626,232.304395481,184.662484277
0.0374190797256,232.452732621,185.136315136
0.0392069957534,232.591010442,185.607617431
0.0412419948408,232.718655304,186.076148437
0.0435653941095,232.835093565,186.541665429
0.0462255541628,232.939751584,187.003925682
0.0492793460651,233.032055719,187.462686473
0.0527938674901,233.111432329,187.917705076
0.0567342143507,233.177307773,188.368738768
0.0610187220123,233.229108409,188.815544822
0.0656470267512,233.266260597,189.257880515
0.0706080906128,233.288189312,189.695503012
0.07587673773,233.29415486,190.128156427
0.0814098942481,233.283099089,190.555559629
0.0871428305893,233.253927452,190.977428604
0.0929858801204,233.2055454,191.393479335
0.0988222925082,233.136858383,191.803427809
0.104508026987,233.046771852,192.206990011
0.109874331359,232.93419126,192.603881924
0.11473380614,232.798022056,192.993819534
0.118890255118,232.637169692,193.376518827
0.122151966245,232.450539619,193.751695786
0.124347240797,232.23718025,194.119066398
0.12534019535,231.997853042,194.478346646
0.125066076532,231.734449424,194.829252516
0.123513090578,231.4488808,195.171499993
0.12070441424,231.143058575,195.504805061
0.116718977342,230.818894153,195.828883706
0.111682683662,230.478298938,196.143451913
0.105755349491,230.123184335,196.448225666
0.0991155997079,229.75546175,196.742920951
0.0919460078559,229.377042585,197.027253752
0.0844203195963,228.989762457,197.300986408
0.0766938744754,228.594587188,197.564413231
0.0688975826319,228.191926755,197.818168495
0.0611352034792,227.782182101,198.062891997
0.0534832972145,227.365754174,198.299223533
0.0459930741462,226.943043919,198.5278029
0.0386933955441,226.514452281,198.749269894
0.0315943112549,226.080380206,198.964264313
0.0249949799316,225.641228639,199.173425952
0.0191458941052,225.197398528,199.377394609
0.0139734103437,224.749290816,199.57681008
0.00940805201921,224.297306451,199.772312161
0.00538635829327,223.841846377,199.96454065
0.00185163385169,223.383311541,200.154135343
-0.00124598144051,222.922102887,200.341736036
-0.00394983771445,222.458621362,200.527982526
-0.00629730715087,221.993267912,200.71351461
-0.00832040281097,221.526443482,200.898972084
-0.0100464099854,221.058549018,201.084994745
-0.0114984859568,220.589985465,201.27222239
-0.0126962034151,220.121153769,201.461294815
-0.0136560248454,219.652454876,201.652851817
-0.0143917025199,219.184289732,201.847533192
-0.0149146029462,218.717059282,202.045978738
-0.0152202291155,218.251164473,202.24882825
-0.0153009044722,217.78700618,202.456721375
-0.0151600975724,217.324872281,202.67005056
-0.014799431961,216.86470743,202.888457413
-0.0142188049884,216.406391355,203.111441512
-0.0134164299491,215.949803785,203.338502436
-0.0123888086935,215.494824449,203.569139763
-0.0111306419148,215.041333075,203.802853072
-0.00963468497147,214.589209392,204.039141942
-0.00789155852029,214.13833313,204.277505951
-0.00588952566526,213.688584017,204.517444678
-0.00361425120607,213.239841782,204.758457702
-0.00104856450151,212.791986153,205.000044601
0.00182774367622,212.34489686,205.241704954
0.00503804699784,211.898453632,205.482938338
0.00838143349668,211.452536196,205.723244334
0.0116459322777,211.007024282,205.96212252
0.014838078814,210.561797619,206.199072474
0.0179607490821,210.116735936,206.433593774
0.0210130025257,209.671718961,206.665186001
0.0239899662484,209.226626424,206.893348731
0.0268827780871,208.781338052,207.117581544
0.0296786114119,208.335733575,207.337384018
0.0323608075001,207.889692723,207.552255733
0.0349091414883,207.443095222,207.761696266
0.0373002445329,206.995820803,207.965205196
0.0395081973749,206.547749194,208.162282102
0.0415052988323,206.098760124,208.352426562
0.0432629972482,205.648733322,208.535138156
0.0447529547787,205.197548516,208.709916461
0.045948195565,204.745085436,208.876261056
0.0468242719196,204.291223811,209.033671521
0.0473603705809,203.835843368,209.181647433
0.0475402765125,203.378823837,209.319688371
0.0473531164655,202.920044947,209.447293914
0.0467938189913,202.459406864,209.564098888
0.0458632505463,201.996901704,209.670346615
0.0445680159294,201.532547433,209.766451472
0.0429199416275,201.066362017,209.852827844
0.04093528846,200.598363421,209.929890117
0.0386337615199,200.128569612,209.998052676
0.0360373983396,199.656998557,210.057729908
0.0331694196526,199.18366822,210.109336196
0.0300531218839,198.70859657,210.153285928
0.0267108786525,198.231801571,210.189993488
0.0231633029059,197.75330119,210.219873262
0.0194286047,197.273113393,210.243339636
0.0157302759112,196.791256147,210.260806996
0.0122804342929,196.307747417,210.272689726
0.00907613274187,195.82260517,210.279402212
0.00611248010757,195.335847372,210.281358841
0.00338338516373,194.847491989,210.278973997
0.000882108242898,194.357556987,210.272662066
-0.00139834513669,193.866060333,210.262837434
-0.00346495690145,193.373019992,210.249914486
-0.00532452723814,192.878453932,210.234307608
-0.00698357951526,192.382380117,210.216431185
-0.00844831909147,191.884816515,210.196699603
-0.00972462930639,191.385781091,210.175527247
-0.0108180910401,190.885291812,210.153328504
-0.011734014897,190.383366644,210.130517758
-0.0124774773618,189.880023553,210.107509395
-0.0130533542383,189.375280505,210.084717801
-0.0134663463755,188.869155467,210.062557362
-0.0137209941429,188.361666404,210.041442462
-0.0138216783737,187.852831284,210.021787487
-0.0137726065709,187.342668071,210.004006824
-0.0135777840685,186.831194733,209.988514857
-0.0132409705827,186.318429235,209.975725972
-0.012765623154,185.804389543,209.966054555
-0.012154826912,185.289093625,209.959914991
-0.0114112153657,184.772559445,209.957721666
-0.0105368820913,184.254804971,209.959888965
-0.00953328574591,183.735850011,209.966817325
-0.00840115035149,183.215762423,209.978543534
-0.00714036278128,182.694661481,209.994715232
-0.00574986941934,182.172668978,210.014961
-0.00422757409812,181.649906706,210.038909417
-0.002570239733,181.126496459,210.066189065
-0.000872613633977,180.602560029,210.096428526
0.000771408496485,180.078219208,210.129256379
0.00236686584533,179.553595789,210.164301206
0.00391827773592,179.028811565,210.201191587
0.00542964175369,178.503988329,210.239556104
0.00690443435493,177.979247873,210.279023337
0.00834561294361,177.45471199,210.319221868
0.00975561877686,176.930502472,210.359780277
0.0111363803696,176.406741113,210.400327145
0.0124893173262,175.883549704,210.440491053
0.0138153447399,175.361050039,210.479900581
0.015114878479,174.83936391,210.518184312
0.0163878418199,174.318613109,210.554970825
0.017633674003,173.798919431,210.589888702
0.0188513413676,173.280404666,210.622566523
0.0200393517727,172.763190609,210.652632869
0.0211957730256,172.24739905,210.679716321
0.0223182560191,171.733151784,210.703445461
0.0234040632108,171.220570603,210.723448869
0.024450102976,170.7097773,210.739355125
0.0254529702076,170.200893666,210.750792812
0.0264089933451,169.694041495,210.757390509
0.0273142877731,169.18934258,210.758776797
0.0281648152583,168.686918713,210.754580258
0.0289564487965,168.186891686,210.744429472
0.0296850419276,167.689383294,210.727953021
0.0303465012718,167.194515327,210.704779485
0.0309368607515,166.702409579,210.674537444
0.0314523557179,166.213187842,210.636855481
0.0318894950184,165.72697191,210.591362175
0.032245128928,165.243883574,210.537686109
0.0325165108549,164.764044628,210.475455861
0.0327013508102,164.287576864,210.404300014
0.0327978588157,163.814602075,210.323847149
0.032804776705,163.345242053,210.233725846
0.0327213971387,162.879607498,210.133592413
0.0325475690833,162.417673527,210.023442016
0.0322836894762,161.959324539,209.90349656
0.0319306812868,161.504443268,209.773982107
0.0314899586512,161.052912449,209.635124721
0.0309633801889,160.604614815,209.487150467
0.0303531919734,160.159433099,209.330285408
0.0296619619043,159.717250037,209.164755608
0.028892507412,159.277948363,208.990787132
0.0280478185088,158.841410809,208.808606042
0.0271309781807,158.40752011,208.618438402
0.0261450820116,157.976159,208.420510278
0.0250931587481,157.547210214,208.215047732
0.0239780932773,157.120556484,208.002276828
0.0228025532112,156.696080545,207.78242363
0.0215689199792,156.273665131,207.555714203
0.0202792250342,155.853192976,207.322374609
0.0189350914999,155.434546814,207.082630914
0.0175376813444,155.017609379,206.83670918
0.0160876479576,154.602263405,206.584835471
0.0145850938626,154.188391625,206.327235852
0.0130295331957,153.775876774,206.064136386
0.0114198585627,153.364601586,205.795763138
0.00975431191739,152.954448795,205.52234217
0.0080304592227,152.545301135,205.244099547
0.00624516884966,152.137041339,204.961261334
0.00439459395312,151.729552142,204.674053592
0.00247415944924,151.322716277,204.382702387
0.000349950058035,150.91641648,204.087514142
-0.00211561495497,150.510535482,203.789758532
-0.00493745981172,150.10495602,203.491340784
-0.0081371046861,149.699560826,203.194177369
-0.011743748154,149.294232634,202.900184758
-0.0157953404612,148.888854179,202.611279421
-0.020339608022,148.483308195,202.329377828
-0.0254349445196,148.077477415,202.05639645
-0.0311510097753,147.671244573,201.794251759
-0.037568760712,147.264492404,201.544860224
-0.0447794617583,146.857103641,201.310138316
-0.0528819653516,146.448961019,201.092002506
-0.061977202141,146.039947271,200.892369264
-0.0721583828886,145.629945131,200.713155061
-0.0834949572706,145.218837334,200.556276368
-0.096008092507,144.806506613,200.423649655
-0.108707142123,144.392835702,200.317191393
-0.120314954307,143.977707335,200.238818052
-0.130303431241,143.561004247,200.190446103
-0.138114411453,143.142609171,200.173992016
-0.143245968155,142.72240732,200.191307552
-0.145344981375,142.300353823,200.242419411
-0.14428115353,141.876481746,200.325319918
-0.140178896428,141.450828242,200.437894667
-0.133396070165,141.023430464,200.57802925
-0.124456965785,140.594325566,200.743609262
-0.113961568895,140.163550701,200.932520296
-0.102497049209,139.731143023,201.142647947
-0.0905707158187,139.297139685,201.371877807
-0.0785720598995,138.861577841,201.618095472
-0.0667612886476,138.424494644,201.879186533
-0.0552762118276,137.985927247,202.153036586
-0.0447378787436,137.545912804,202.437531224
-0.0355623808104,137.104488469,202.730556041
-0.0275168838822,136.661691395,203.02999663
-0.020397849802,136.217558735,203.333738585
-0.0140313919873,135.772127643,203.6396675
-0.00827099058102,135.325435273,203.945668969
-0.00299422424265,134.877518777,204.249628585
0.00190061094028,134.42841531,204.549431942
0.00649757657244,133.978162024,204.842964634
0.0108656896231,133.526796074,205.128112255
0.0150610001561,133.074354612,205.402760398
0.0191281701207,132.620874793,205.664829071
0.0231016035133,132.166393769,205.913253173
0.0270061913532,131.710948694,206.148124704
0.0308577419542,131.254576722,206.369598668
0.0346631732839,130.797315006,206.577830072
0.0384205522172,130.339200699,206.772973922
0.042119075579,129.880270956,206.955185223
0.0457390987651,129.420562929,207.124618983
0.0492523266524,128.960113771,207.281430206
0.0526222844346,128.498960638,207.4257739
0.0558051780867,128.037140681,207.557805069
0.0587512306315,127.574691054,207.67767872
0.0614065379698,127.111648911,207.78554986
0.0637154266034,126.648051405,207.881573494
0.0656232197024,126.18393569,207.965904627
0.067079237605,125.719338919,208.038698267
0.068039788575,125.254298246,208.100109419
0.068470861926,124.788850824,208.15029309
0.068350232476,124.323033807,208.189404284
0.0676687296182,123.856884347,208.217598009
0.0664305124629,123.3904396,208.235029271
0.064849377427,122.923736717,208.241853074
0.0631484585635,122.456812852,208.238224427
0.0613548398359,121.98970516,208.224298333
0.0594941831166,121.522450793,208.2002298
0.0575902795824,121.055086904,208.166173834
0.0556647447404,120.587650648,208.12228544
0.0537368436337,120.120179178,208.068719625
0.0518234278691,119.652709647,208.005631394
0.0499389637998,119.185279209,207.933175754
0.0480956309619,118.717925017,207.851507711
0.0463034711455,118.250684225,207.760782271
0.0445705707225,117.783594395,207.661154167
0.0429032615975,117.316735292,207.552750141
0.0413063290229,116.850264949,207.435645009
0.0397832172798,116.3843499,207.309907952
0.0383362267067,115.919156678,207.175608149
0.0369666976772,115.454851815,207.03281478
0.0356751788614,114.991601844,206.881597026
0.0344615784654,114.529573298,206.722024066
0.033325298163,114.06893271,206.55416508
0.0322653501711,113.609846613,206.378089248
0.0312804584095,113.15248154,206.19386575
0.0303691449947,112.697004024,206.001563767
0.0295298034803,112.243580597,205.801252477
0.028760760306,111.792377793,205.593001061
0.0280603259037,111.343562145,205.376878699
0.0274268368326,110.897300185,205.152954571
0.0268586902159,110.453758446,204.921297856
0.026354371629,110.013103461,204.681977736
0.0259124774637,109.575501763,204.435063388
0.0255317326611,109.141119885,204.180623995
0.0252110045857,108.71012436,203.918728735
0.0249493136923,108.282681721,203.649446788
0.0247458415272,107.8589585,203.372847335
0.0245999365066,107.439121231,203.088999555
0.0245111178179,107.023336447,202.797972628
0.0244790777039,106.611770679,202.499835734
0.0245036823079,106.204590462,202.194658054
0.0245849711825,105.801962328,201.882508767
0.0247231554878,105.40405281,201.563457052
0.0249186148343,105.011028441,201.237572091
0.025171892652,104.623055754,200.904923063
0.0254836898928,104.240301281,200.565579147
0.0258548567965,103.862931556,200.219609524
0.0262863823692,103.491113112,199.867083374
0.0267793811374,103.125012481,199.508069877
0.027335076651,102.764796196,199.142638212
0.0279547811111,102.410630791,198.77085756
0.0286398704017,102.062682798,198.392797101
0.0293917537,101.721118749,198.008526014
0.0302118367423,101.386105179,197.618113646
0.0311014777293,101.057808619,197.221666681
0.0320619347746,100.736395603,196.819376116
0.0330943037466,100.422032664,196.411444513
0.0341994453408,100.114886334,195.998074432
0.0353779002554,99.8151231467,195.579468436
0.0366297914697,99.5229096345,195.155829087
0.0379547128442,99.2384123306,194.727358945
0.0393516036285,98.9617977678,194.294260572
0.0408186090002,98.6932324789,193.856736531
0.0423529275004,98.4328829969,193.414989383
0.0439506472259,98.1809158548,192.969221689
0.0456065739017,97.9374975853,192.519636011
0.0472503171336,97.7027947214,192.066434911
0.0488050855251,97.4769737959,191.60982095
0.0502545141,97.2602013419,191.14999669
0.0515818742291,97.0526438921,190.687164693
0.0527704993638,96.8544679796,190.22152752
0.053804251456,96.665840137,189.753287733
0.0546680103267,96.4869268975,189.282647893
0.055348163959,96.3178947938,188.809810563
0.0558330747231,96.1589103589,188.334978303
0.056113495408,96.0101401257,187.858353676
0.0561829100076,95.8717506271,187.380139243
0.0560377775845,95.7439083959,186.900537565
0.0556776630621,95.626779965,186.419751205
0.0551052459749,95.5205318675,185.937982724
0.0543262063517,95.4253306361,185.455434683
0.0533489951423,95.3413428037,184.972309645
0.0521845040609,95.2687349033,184.488810171
0.050845655659,95.2076734678,184.005138822
0.0493469383072,95.15832503,183.52149816
0.0477039123427,95.1208561229,183.038090747
0.0459327129513,95.0954332793,182.555119144
0.0440495727383,95.0822230322,182.072785914
0.042070382881,95.0813919144,181.591293617
0.040010306839,95.0931064589,181.110844816
0.0378834554071,95.1175331985,180.631642071
0.035702626933,95.1547789066,180.153864647
0.0334791121779,95.2044449388,179.677494762
0.031222559801,95.265878521,179.202415559
0.0289408959172,95.3384249547,178.728509431
0.0266402895867,95.4214295413,178.255658769
0.0243251553641,95.5142375821,177.783745966
0.0219981840108,95.6161943786,177.312653414
0.019718552456,95.7266452322,176.842263506
0.0175404450635,95.8449354442,176.372458634
0.0154574276238,95.9704103161,175.90312119
0.0134627266769,96.1024151493,175.434133567
0.0115493892562,96.2402952451,174.965378157
0.0097104050663,96.383395905,174.496737351
0.00793879768984,96.5310624303,174.028093544
0.00622769063754,96.6826401224,173.559329126
0.00457035326323,96.8374742828,173.09032649
0.00296023081035,96.9949102127,172.620968029
0.00139096217119,97.1542932138,172.151136135
-0.000143611662426,97.3149685872,171.680713199
-0.00164944599337,97.4762816345,171.209581616
-0.00313229562561,97.637577657,170.737623776
-0.00459772120273,97.798201956,170.264722072
-0.00605109728025,97.9574998331,169.790758897
-0.00749762095359,98.1148165896,169.315616642
-0.00894232002893,98.2694975269,168.839177701
-0.010390059844,98.4208879464,168.361324465
-0.0118455479258,98.5683331495,167.881939327
-0.013313335719,98.7111784376,167.400904678
-0.0147978166386,98.8487691121,166.918102913
-0.0163032196991,98.9804504743,166.433416421
-0.0178335979533,99.1055678257,165.946727597
-0.0193928109472,99.2234664677,165.457918833
-0.0209845003652,99.3334917016,164.96687252
-0.0226120580129,99.434988829,164.473471051
-0.0242785852712,99.527303151,163.977596818
-0.0259868431673,99.6097891056,163.479139657
-0.0277391922562,99.6820654661,162.978204753
-0.0295375216133,99.7440494978,162.475140465
-0.0313831664119,99.7956744654,161.970308188
-0.0332574415957,99.8368736336,161.464069317
-0.0351394364909,99.8675802671,160.956785245
-0.0370259905029,99.8877276305,160.448817368
-0.0389130087836,99.8972489885,159.94052708
-0.0407954484797,99.8960776058,159.432275775
-0.0426673196933,99.8841467471,158.924424847
-0.0445217048111,99.861389677,158.417335692
-0.0463507997572,99.8277396602,157.911369703
-0.0481459803859,99.7831299613,157.406888275
-0.0498978966242,99.7274938451,156.904252803
-0.0515965960741,99.6607645762,156.403824681
-0.053231677581,99.5828754193,155.905965302
-0.0547924737992,99.4937596391,155.411036063
-0.0562682600906,99.3933505002,154.919398357
-0.0576484852721,99.2815812672,154.431413579
-0.0589230179037,99.158385205,153.947443122
-0.0600824001426,99.0236955781,153.467848383
-0.0611180998312,98.8774456512,152.992990754
-0.0620227506111,98.7195686891,152.523231631
-0.0627903695847,98.5499979562,152.058932407
-0.0634165424803,98.3686667175,151.600454478
-0.0638985674331,98.1755082374,151.148159238
-0.064235550334,97.9704557807,150.702408081
-0.0644284471002,97.753442612,150.263562402
-0.0644800509988,97.5244019961,149.831983594
-0.0643949260895,97.2832671976,149.408033054
-0.0641792906916,97.0299714811,148.992072174
-0.0638408572962,96.7644481114,148.58446235
-0.0633886373422,96.4866303531,148.185564976
-0.0628327206163,96.1964514708,147.795741446
-0.0621840396687,95.8939153415,147.415312003
-0.061454129554,95.5793355029,147.044416427
-0.0606548925026,95.2531103538,146.683145041
-0.0597983759127,94.9156382953,146.331588168
-0.0588965704908,94.5673177288,145.989836131
-0.0579612336134,94.2085470552,145.65797925
-0.0570037411974,93.8397246757,145.33610785
-0.0560349696749,93.4612489915,145.024312252
-0.0550652081717,93.0735184038,144.722682779
-0.0541040997546,92.6769313135,144.431309753
-0.0531606096619,92.271886122,144.150283496
-0.052243017784,91.8587812303,143.879694332
-0.051358932276,91.4380150396,143.619632582
-0.0505153210424,91.009985951,143.370188569
-0.0497185578859,90.5750923657,143.131452615
-0.048974480307,90.1337326848,142.903515043
-0.0482884562486,89.6863053094,142.686466176
-0.0476654574354,89.2332086408,142.480396335
-0.047110137359,88.7748410799,142.285395842
-0.0466269123478,88.311601028,142.101555022
-0.0462200445379,87.8438868863,141.928964195
-0.0458937259034,87.3720970558,141.767713684
-0.0456521627939,86.8966299377,141.617893812
-0.0454996606754,86.4178839332,141.479594901
-0.0454407089466,85.9362574433,141.352907274
-0.045480065823,85.4521488693,141.237921252
-0.0456228433226,84.9659566123,141.134727159
-0.0458745923486,84.4780790733,141.043415317
-0.0462413877233,83.9889146537,140.964076048
-0.0467299127718,83.4988617544,140.896799675
-0.047347542643,83.0083187767,140.841676519
-0.0481024249543,82.5176841216,140.798796905
-0.0490035555009,82.0273561904,140.768251153
-0.0500251297509,81.5377333841,140.750129586
-0.0511331045785,81.049214104,140.744522527
-0.0523247546933,80.5621967511,140.751520298
-0.0535972087266,80.0770797266,140.771213222
-0.0549473372879,79.5942614316,140.803691621
-0.0563716438527,79.1141402673,140.849045817
-0.0578661588685,78.6371146348,140.907366133
-0.0594263381344,78.1635829353,140.978742891
-0.0610469671857,77.6939435699,141.063266414
-0.0627220740929,77.2285949398,141.161027024
-0.0644448537358,76.767935446,141.272115044
-0.0662076072045,76.3123634898,141.396620795
-0.0680017004668,75.8622774723,141.534634601
-0.0698175467607,75.4180757945,141.686246784
-0.0716446172599,74.9801568577,141.851547666
-0.0734714843533,74.5489190631,142.030627569
-0.0752859013053,74.1247608116,142.223576817
-0.0770749210821,73.7080805046,142.430485731
-0.0788250557126,73.2992765431,142.651444633
-0.0805224757134,72.8987473282,142.886543848
-0.082153246911,72.5068912612,143.135873696
-0.0837035995518,72.1241067431,143.3995245
-0.0851602220626,71.7507921752,143.677586582
-0.0865105694321,71.3873459584,143.970150266
-0.0877431741509,71.0341664941,144.277305873
-0.0888479462202,70.6916521833,144.599143726
-0.08981644813,70.3602014271,144.935754147
-0.0906421310523,70.0402070364,145.287152284
-0.0913205198713,69.7320225347,145.652824979
-0.0918493370175,69.4359846008,146.032032559
-0.0922285582437,69.1524298488,146.424034482
-0.0924603972112,68.8816948932,146.828090209
-0.0924719321302,68.6241163481,147.243459197
-0.0921690937909,68.3800308279,147.669400908
-0.0915302803172,68.1497749468,148.1051748
-0.0905429208462,67.9336853192,148.550040333
-0.0892039308071,67.7320985593,149.003256966
-0.0875196620719,67.5453512814,149.464084159
-0.085505337666,67.3737800997,149.93178137
-0.083184014513,67.2177216287,150.405608061
-0.0805851646489,67.0775124825,150.884823689
-0.0777429984738,66.9534892755,151.368687715
-0.0746946688274,66.8459886219,151.856459598
-0.0714784914746,66.7553471361,152.347398798
-0.0681322987379,66.6819014322,152.840764773
-0.0646920135373,66.6259881247,153.335816983
-0.061190496851,66.5879438277,153.831814889
-0.0576566880402,66.5681051556,154.328017948
-0.0541150286632,66.5668087226,154.823685621
-0.0505851386991,66.5843911431,155.318077367
-0.0470817001934,66.6211890313,155.810452646
-0.0436144966116,66.6775390015,156.300070916
-0.0401885552257,66.753777668,156.786191639
-0.0368043429165,66.8502416451,157.268074271
-0.033457971129,66.9671393798,157.74504195
-0.0301413719079,67.1034000852,158.217053348
-0.0268424128625,67.2572178155,158.684432375
-0.0235449238306,67.4267778526,159.147507301
-0.0202286115239,67.6102654786,159.606606393
-0.0168688404155,67.8058659755,160.06205792
-0.013436258681,68.0117646253,160.514190151
-0.00989624747285,68.22614671,160.963331353
-0.00620817083298,68.4471975116,161.409809795
-0.00232440323467,68.673102312,161.853953745
0.00163877070176,68.9020463934,162.296091472
0.0055617057479,69.1322150376,162.736551244
0.00949120028121,69.3617935267,163.17566133
0.0134721627407,69.5889671428,163.613749997
0.0175480504183,69.8119211677,164.051145515
0.0217611729184,70.0288408836,164.488176151
0.0261528202006,70.2379115724,164.925170175
0.030763168382,70.4373185161,165.362455853
0.0356309067208,70.6252469967,165.800361456
0.040792518097,70.7998822962,166.23921525
0.0462811351904,70.9594096967,166.679345505
0.0521248889619,71.1020144801,167.121080489
0.0583446702249,71.2258819285,167.56474847
0.064951246381,71.3291973237,168.010677716
0.0719417232192,71.4101459479,168.459196497
0.0792954265729,71.4669181449,168.910629887
0.0869694097959,71.4984318334,169.364843954
0.0948939734973,71.5050845614,169.820771313
0.10296880344,71.487453552,170.277231226
0.111060558483,71.446116028,170.733042955
0.119002911433,71.3816492122,171.187025761
0.126600072208,71.2946303276,171.637998906
0.133634604441,71.1856365969,172.084781654
0.139879810183,71.0552452432,172.526193264
0.145116110245,70.9040334893,172.961053001
0.149149825982,70.7325785579,173.388180125
0.151831842747,70.5414576721,173.806393898
0.153073144291,70.3312480547,174.214513583
0.152854422226,70.1025269286,174.611358442
0.151227941429,69.8558715166,174.995747736
0.148311351766,69.5918590417,175.366500728
0.144274731129,69.3110667266,175.722436679
0.139433166571,69.0140717943,176.062374852
0.134069432099,68.7014514677,176.385134508
0.128331999232,68.3737829696,176.68953491
0.12236063961,68.0316435229,176.97439532
0.116281158277,67.6756103505,177.238537092
0.110202189509,67.3062606752,177.481281849
0.104213833269,66.92417172,177.70309654
0.098387766841,66.5299207077,177.904607703
0.0927784175426,66.1240848611,178.086441879
0.0874248032671,65.7072414033,178.249225607
0.0823527094688,65.2799675569,178.393585426
0.0775769497092,64.842840545,178.520147876
0.0731035348147,64.3964375904,178.629539496
0.0689316431637,63.9413359159,178.722386826
0.0650553374972,63.4781127445,178.799316406
0.0614650116551,63.007345299,178.860954774
0.0581485756535,62.5296108023,178.907928471
0.0550924022328,62.0454864773,178.940864036
0.0522820652191,61.5555495468,178.960388008
0.0497029021443,61.0603772337,178.967126928
0.0473404325089,60.560546761,178.961707334
0.0451806602266,60.0566353514,178.944755766
0.0432102851452,59.5492202279,178.916898764
0.0414168447046,59.0388786133,178.878762867
0.039788803149,58.5261877305,178.830974614
0.0383156024385,58.0117248024,178.774160546
0.0369876862057,57.4960670518,178.708947201
0.0357965057661,56.9797917017,178.63596112
0.0347345153089,56.4634759749,178.555828841
0.033795161913,55.9476705051,178.469133825
0.0329728749041,55.4326793404,178.376060017
0.0322716156529,54.918672837,178.276574756
0.0316907093016,54.4058200288,178.170643237
0.031219585814,53.8942899496,178.058230658
0.0308491080491,53.3842516334,177.939302215
0.0305713544592,52.8758741141,177.813823104
0.0303794330344,52.3693264255,177.681758523
0.0302673210338,51.8647776016,177.543073666
0.0302297259222,51.3623966763,177.397733732
0.0302619636804,50.8623526834,177.245703916
0.0303598512896,50.3648146569,177.086949415
0.0305196107177,49.8699516307,176.921435425
0.0307377821962,49.3779326386,176.749127143
0.031011144958,48.8889267146,176.569989765
0.0313366439499,48.4031028925,176.383988488
0.0317113213342,47.9206302063,176.191088508
0.0321322518662,47.4416776899,175.991255022
0.03259648149,46.9664143771,175.784453227
0.033100968741,46.4950093019,175.570648318
0.0336425287758,46.0276314982,175.349805492
0.0342177800892,45.5644499998,175.121889946
0.0348230942065,45.1056338407,174.886866876
0.0354545488726,44.6513520547,174.644701479
0.0361078854805,44.2017736758,174.395358951
0.0367784716984,43.7570677378,174.138804488
0.0374612704441,43.3174032748,173.875003288
0.0381508165196,42.8829493204,173.603920546
0.0388412023333,42.4538749088,173.325521459
0.0395260741971,42.0303490737,173.039771224
0.0401986406609,41.612540849,172.746635037
0.0408516942381,41.2006192687,172.446078094
0.0414776476552,40.7947533667,172.138065593
0.0420685854249,40.3951121768,171.822562728
0.0426163310866,40.001864733,171.499534698
0.0431125298951,39.6151800691,171.168948033
0.0435487460702,39.2352272191,170.830864744
0.043916572989,38.8621752168,170.485504475
0.0442077539334,38.4961930962,170.133101621
0.0444143102589,38.1374498912,169.773890577
0.0445286731745,37.7861146356,169.408105737
0.0445438147795,37.4423563634,169.035981496
0.0444533736514,37.1063441084,168.657752249
0.0442517701577,36.7782469046,168.27365239
0.0439343068206,36.4582337858,167.883916314
0.043497249495,36.146473786,167.488778416
0.0429378858259,35.843135939,167.088473091
0.0422545583971,35.5483892788,166.683234733
0.0414466711047,35.2624028393,166.273297737
0.0405146685209,34.9853456543,165.858896498
0.0394599892674,34.7173867577,165.44026541
0.0382849956105,34.4586951835,165.017638869
0.0369928825385,34.2094399656,164.591251269
0.0355875704295,33.9697901378,164.161337004
0.034073586013,33.739914734,163.72813047
0.0324559366556,33.5199827882,163.291866061
0.030739983061,33.3101633343,162.852778172
0.028931315292,33.1106254061,162.411101197
0.0270356366349,32.9215380375,161.967069532
0.0250586592935,32.7430702625,161.520917571
0.0230060152627,32.575391115,161.072879708
0.0208831850622,32.4186696288,160.623190339
0.0186954463367,32.2730748379,160.172083859
0.0164478437078,32.1387757761,159.719794661
0.0141451807006,32.0159414773,159.266557141
0.0117920340908,31.9047084214,158.81260086
0.00951143131702,31.8045030306,158.358049973
0.00742362734945,31.71406252,157.902926316
0.0055277878942,31.6320957218,157.447247515
0.00382190194672,31.5573114679,156.991031195
0.00230309166462,31.4884185906,156.534294982
0.000967863904422,31.4241259219,156.0770565
-0.000187686204941,31.3631422939,155.619333374
-0.00116770993079,31.3041765388,155.16114323
-0.00197646913343,31.2459374887,154.702503693
-0.00261822244778,31.1871339757,154.243432387
-0.0030971271105,31.1264748319,153.783946939
-0.00341715124703,31.0626688894,153.324064972
-0.00358199248749,30.9944249803,152.863804113
-0.00359499970937,30.9204519368,152.403181985
-0.00345909549992,30.839458591,151.942216216
-0.00317669759445,30.7501537749,151.480924428
-0.00274963809127,30.6512463207,151.019324248
-0.00217907968867,30.5414450605,150.557433301
-0.00146542856023,30.4194588265,150.095269211
-0.000608243815291,30.2839964506,149.632849604
0.000393856179914,30.1339491998,149.170192105
0.00154328996747,29.9700028866,148.707314339
0.00284361051247,29.7938629191,148.244233932
0.00429960226511,29.6072464459,147.780968507
0.0059173750309,29.4118706151,147.317535691
0.00770445058736,29.2094525751,146.853953108
0.00966983613519,29.0017094742,146.390238384
0.0118240761219,28.7903584608,145.926409143
0.0141792705151,28.5771166831,145.462483012
0.0167490429909,28.3637012894,144.998477614
0.0195484364769,28.151829428,144.534410575
0.0225937058013,27.9432182474,144.07029952
0.025744979528,27.7395848957,143.606162074
0.0288518714065,27.5426465214,143.142015862
0.0319130588438,27.3541202727,142.67787851
0.0349238287091,27.1757232979,142.213767642
0.037876076892,27.0091727453,141.749700884
0.0407583673291,26.8561857634,141.285695861
0.0435560722481,26.7184795003,140.821770197
0.0462516147929,26.5977711044,140.357941518
0.0488248322495,26.495777724,139.894227449
0.0512534724099,26.414168908,139.430647911
0.0535138270417,26.3535183325,138.967275672
0.0555814952087,26.3133031961,138.504236379
0.0574322560165,26.2929529773,138.041657979
0.0590430164724,26.2918971543,137.57966842
0.0603927872316,26.3095652057,137.11839565
0.0614636289928,26.3453866099,136.657967615
0.0622415070835,26.3987908452,136.198512265
0.0627169927882,26.4692073901,135.740157546
0.062885757861,26.5560657231,135.283031406
0.0627488230231,26.6587953224,134.827261792
0.0623125405812,26.7768256665,134.372976652
0.0615883132251,26.9095862339,133.920303935
0.0605920727113,27.0565065029,133.469371586
0.0593435606897,27.217015952,133.020307555
0.0578654671486,27.3905440596,132.573239788
0.0561824885255,27.576520304,132.128296234
0.0543203672692,27.7743741637,131.685604839
0.0523049683465,27.9835351172,131.245293552
0.0501614374176,28.2034326427,130.80749032
0.0479134720659,28.4334962188,130.37232309
0.045582723462,28.6731553238,129.93991981
0.0432703563786,28.9218394362,129.510408429
0.0410631511559,29.1789780344,129.083916893
0.0389585343002,29.4440005968,128.660573149
0.0369530557662,29.7163366017,128.240505147
0.0350426249747,29.9954155276,127.823840833
0.0332227052385,30.280666853,127.410708154
0.0314884716788,30.5715200562,127.001235059
0.029834937686,30.8674116934,126.595544976
0.028257054708,31.167966724,126.193641029
0.026749789741,31.4730139458,125.795396185
0.0253081844164,31.7823923279,125.400676914
0.023927399087,32.0959408388,125.009349688
0.0226027448369,32.4134984475,124.621280977
0.0213297058967,32.7349041228,124.236337254
0.0201039545468,33.0599968334,123.854384988
0.0189213602417,33.3886155482,123.475290652
0.0177779943863,33.7205992359,123.098920717
0.0166701319351,34.0557868654,122.725141653
0.0155942507704,34.3940174054,122.353819932
0.0145470296342,34.7351298248,121.984822025
0.0135253452353,35.0789630924,121.618014403
0.0125262690335,35.4253561769,121.253263537
0.0115470640966,35.7741480472,120.890435899
0.0105851823447,36.1251776721,120.52939796
0.00963826242609,36.4782840203,120.170016191
0.00870412840835,36.8333060608,119.812157063
0.00778078942371,37.1900827622,119.455687047
0.00686644035962,37.5484530934,119.100472614
0.00595946364979,37.9082560232,118.746380236
0.00505843218371,38.2693305204,118.393276384
0.00416211331742,38.6315155537,118.041027529
0.00326947393325,38.9946500921,117.689500142
0.0023914900419,39.3585731043,117.338560694
0.00153948120744,39.723123559,116.988075656
0.000713153432308,40.0881404252,116.637911501
-8.76905944065e-05,40.4534626715,116.287934698
-0.000863149503857,40.8189292669,115.938011719
-0.00161322257982,41.1843791801,115.588009035
-0.00233781035101,41.5496513799,115.237793117
-0.00303671639369,41.9145848351,114.887230437
-0.00370965030664,42.2790185145,114.536187466
-0.00435623182837,42.642791387,114.184530675
-0.00497599607071,43.0057424212,113.832126534
-0.00556839984242,43.3677105861,113.478841516
-0.0061328290336,43.7285348504,113.124542091
-0.00666860702413,44.088054183,112.769094731
-0.00717500406974,44.4461075525,112.412365906
-0.00765124760615,44.802533928,112.054222088
-0.0080965333968,45.157172278,111.694529749
-0.00851003743283,45.5098615715,111.333155358
-0.00889092847614,45.8604508444,110.969972354
-0.00923838111798,46.20888618,110.604921324
-0.00955158920779,46.5551679285,110.237980403
-0.0098297794905,46.8992970339,109.86912814
-0.0100722252758,47.2412744405,109.498343082
-0.0102782599512,47.5811010923,109.125603776
-0.0104472901433,47.9187779335,108.75088877
-0.0105788083259,48.2543059083,108.374176611
-0.0106724046781,48.5876859607,107.995445847
-0.0107277779972,48.918919035,107.614675025
-0.0107447454866,49.2480060752,107.231842693
-0.0107232512527,49.5749480255,106.846927397
-0.0106633733673,49.8997458301,106.459907686
-0.0105653293795,50.2224004331,106.070762107
-0.010458138653,50.5429127785,105.679469208
-0.0103718985602,50.8612838107,105.286007535
-0.0103084384344,51.1775144736,104.890355636
-0.0102694575374,51.4916057115,104.492492059
-0.0102565521291,51.8035584685,104.092395352
-0.0102712449793,52.1133736887,103.690044061
-0.0103150168546,52.4210523163,103.285416733
-0.0103893396551,52.7265952953,102.878491918
-0.0104957110144,53.03000357,102.469248161
-0.0106356903175,53.3312780845,102.057664011
-0.0108109362316,53.6304197829,101.643718014
-0.0110232459848,53.9274296094,101.227388719
-0.0112745967632,54.2223085081,100.808654672
-0.0115671897377,54.5150574231,100.387494421
-0.0119034973776,54.8056772986,99.9638865145
-0.0122863148565,55.0941690788,99.5378094986
-0.0127188165218,55.3805337077,99.1092419212
-0.0132046185805,55.6647721295,98.6781623297
-0.0137478493552,55.9468852884,98.2445492715
-0.0143532286937,56.2268741284,97.8083812942
-0.015026158382,56.5047395938,97.3696369451
-0.0157728257072,56.7804826286,96.9282947717
-0.0166003226649,57.054104177,96.4843333215
-0.0175167836914,57.3256051832,96.0377311418
-0.0185315452378,57.5949865913,95.5884667802
-0.0196553309683,57.8622493453,95.1365187841
-0.0209004668602,58.127394389,94.6818657014
-0.022281130951,58.3902525088,94.2246570021
-0.0238136428823,58.6500050139,93.7656945528
-0.0255167986032,58.905678278,93.3059358515
-0.0274122554729,59.156298675,92.8463383967
-0.0295249722543,59.4008925787,92.3878596865
-0.0320299638384,59.6384863629,91.9314572193
-0.035084783382,59.8681064015,91.4780884931
-0.0386827219815,60.0887790682,91.0287110063
-0.042800182247,60.2995307368,90.5842822571
-0.0473884815209,60.4993877813,90.1457597438
-0.0523651309301,60.6873765755,89.7141009645
-0.0576056294652,60.862523493,89.2902634176
-0.0629374781897,61.0238549078,88.8752046013
-0.0666835540522,61.1703971937,88.4698820137
-0.0683586545059,61.3011767246,88.0752553012
-0.0696697183312,61.4152198741,87.6926222174
-0.0725370653096,61.5115530162,87.3239841107
-0.0796232808841,61.5892025247,86.9714301281
-0.0960507963094,61.6471947733,86.6370494171
-0.13519965845,61.684556136,86.3229311249
-0.244329490138,61.7003129865,86.0311643988
-0.65308033478,61.6934916987,85.7638383861
-2.9170266758,61.6631186463,85.5230422341
-16.1432789591,61.6082202032,85.3108650901
-6.15625975183,61.5278227433,85.1293961013
-0.823240749574,61.4209526403,84.980724415
0.32235077006,61.2866362681,84.8669391786
1.18711244046,61.1239000004,84.7901295394
2.5392639747,60.9317702111,84.7523846445
2.78855055678,60.7092732741,84.7557936413
1.11224499596,60.4554355631,84.8024456772
0.337326829155,60.169283452,84.8944298993
0.115665037891,59.8498433146,85.033835455
0.0463635203308,59.4961415247,85.2227514915
0.0210954563788,59.1072044561,85.4632671562